id,first_name,last_name,date_of_birth,phone,email
1,Chris,Williams,9/2/1986 14:28,51-(372)140-6756,cwilliams@school.edu
2,Phyllis,Gomez,8/4/1986 21:37,95-(279)738-5072,pgomez@school.edu
3,Rebecca,Nichols,6/22/1989 19:16,670-(280)866-2238,rnichols@school.edu
4,Ralph,Clark,6/28/1982 16:48,86-(967)211-4683,rclark@school.edu
5,Randy,Sims,10/23/1991 20:10,216-(306)467-3504,rsims@school.edu
6,Craig,Lopez,8/30/1973 13:06,1-(888)392-6817,clopez@school.edu
7,Joseph,Ray,1/9/1985 8:53,86-(256)263-2571,jray@school.edu
8,Michelle,Phillips,9/17/1973 7:41,383-(317)359-2993,mphillips@school.edu
9,Richard,Price,7/17/1974 17:19,52-(161)181-4000,rprice@school.edu
10,Rachel,Young,11/5/1974 12:59,63-(259)180-8893,ryoung@school.edu
11,Peter,Jones,12/27/1981 12:48,7-(181)313-1744,pjones@school.edu
12,Helen,Shaw,8/4/1978 23:04,86-(177)148-0426,hshaw@school.edu
13,Theresa,Richards,4/10/1982 0:07,856-(655)333-4224,trichards@school.edu
14,Aaron,Garrett,10/7/1987 16:44,86-(509)862-7300,agarrett@school.edu
15,Kelly,Murray,4/24/1986 4:58,7-(808)110-3351,kmurray@school.edu
16,Teresa,Duncan,11/14/1980 9:35,62-(300)672-3190,tduncan@school.edu
17,Jesse,Simpson,7/13/1971 6:43,86-(486)391-2406,jsimpson@school.edu
18,Tina,Wright,9/23/1976 17:58,98-(710)378-8371,twright@school.edu
19,Norma,Wallace,10/14/1986 21:10,63-(239)603-8603,nwallace@school.edu
20,Benjamin,Adams,7/6/1987 1:19,51-(878)266-1803,badams@school.edu
21,Cheryl,Fox,10/3/1974 21:40,49-(669)987-8827,cfox@school.edu
22,Alice,Watkins,10/11/1974 21:22,7-(577)829-2170,awatkins@school.edu
23,Clarence,Butler,2/24/1987 6:10,242-(534)575-1235,cbutler@school.edu
24,Rose,Cox,9/12/1977 6:22,54-(581)849-1684,rcox@school.edu
25,Keith,Price,12/16/1980 12:19,48-(524)290-3581,kprice@school.edu
26,Dorothy,Ryan,10/4/1978 19:53,62-(281)748-5960,dryan@school.edu
27,Gary,Wheeler,9/29/1974 0:28,970-(566)297-9410,gwheeler@school.edu
28,Juan,Wilson,3/6/1972 10:23,47-(821)310-3710,jwilson@school.edu
29,Bonnie,Martin,10/29/1991 2:33,385-(496)502-8051,bmartin@school.edu
30,Rachel,Riley,10/10/1971 22:42,57-(538)680-2676,rriley@school.edu
31,Deborah,Sanders,7/16/1971 17:22,63-(987)608-5534,dsanders@school.edu
32,Jean,Marshall,4/11/1984 3:25,55-(554)483-5798,jmarshall@school.edu
33,Shawn,Lee,4/30/1983 14:59,994-(739)696-1889,slee@school.edu
34,Chris,James,1/26/1985 17:29,86-(559)235-8477,cjames@school.edu
35,Donna,Frazier,1/3/1988 4:13,86-(640)138-0022,dfrazier@school.edu
36,Mary,Andrews,4/29/1979 14:49,976-(566)685-4880,mandrews@school.edu
37,Judith,Powell,1/4/1991 14:33,359-(732)374-4979,jpowell@school.edu
38,Teresa,Turner,11/9/1973 6:28,63-(175)370-7525,tturner@school.edu
39,Linda,Hall,9/15/1971 23:40,389-(985)191-6754,lhall@school.edu
40,Margaret,Ray,11/23/1978 15:10,992-(393)477-0465,mray@school.edu
41,Justin,Howell,10/12/1983 12:57,48-(633)555-2087,jhowell@school.edu
42,Bonnie,Stewart,1/19/1988 19:47,57-(307)894-0645,bstewart@school.edu
43,Angela,Rice,2/18/1970 23:08,55-(171)565-4216,arice@school.edu
44,Catherine,Simmons,6/24/1982 21:54,51-(875)434-9105,csimmons@school.edu
45,Sharon,Montgomery,9/14/1971 22:08,86-(295)153-2577,smontgomery@school.edu
46,Michael,Hunter,6/10/1970 5:17,51-(660)651-4721,mhunter@school.edu
47,Martha,Cruz,9/12/1979 2:08,420-(138)843-8979,mcruz@school.edu
48,Stephen,Palmer,3/12/1983 9:06,30-(608)215-6243,spalmer@school.edu
49,Judith,Howard,7/28/1977 4:04,230-(782)410-3795,jhoward@school.edu
50,Roger,Green,12/6/1991 14:58,86-(387)661-9587,rgreen@school.edu
51,Steven,Stanley,6/30/1972 10:58,86-(836)777-9980,sstanley@school.edu
52,Wayne,Greene,9/6/1977 23:50,994-(267)355-4418,wgreene@school.edu
53,Juan,Cook,10/7/1974 23:25,86-(417)585-6803,jcook@school.edu
54,Emily,Peters,12/14/1974 19:21,86-(398)286-2345,epeters@school.edu
55,Roger,Scott,8/28/1985 5:30,7-(682)873-9951,rscott@school.edu
56,Jeffrey,Wood,3/21/1972 12:12,501-(660)861-8871,jwood@school.edu
57,Donald,Sanders,9/25/1983 16:47,62-(343)206-8881,dsanders@school.edu
58,Mark,Lewis,7/10/1972 15:44,1-(717)537-3924,mlewis@school.edu
59,Ruby,Hanson,11/18/1972 10:40,385-(326)187-4956,rhanson@school.edu
60,Kimberly,Smith,10/27/1986 10:33,86-(890)746-1006,ksmith@school.edu
61,Amanda,George,1/21/1984 9:59,420-(427)355-0263,ageorge@school.edu
62,Karen,Gray,12/2/1986 0:06,57-(137)574-4352,kgray@school.edu
63,Wayne,Cooper,11/6/1991 15:26,63-(783)808-8478,wcooper@school.edu
64,Julia,Day,2/4/1972 4:22,33-(815)268-7277,jday@school.edu
65,Johnny,Miller,11/17/1981 2:48,62-(441)996-1462,jmiller@school.edu
66,Johnny,Burns,11/5/1972 5:42,55-(629)395-4274,jburns@school.edu
67,Roger,Harper,7/31/1970 1:55,66-(260)161-7964,rharper@school.edu
68,Shawn,Lynch,3/16/1985 0:33,84-(243)501-5540,slynch@school.edu
69,Willie,Gray,1/5/1990 11:14,61-(565)702-6130,wgray@school.edu
70,Samuel,Lewis,3/1/1971 14:24,30-(600)174-0512,slewis@school.edu
71,Thomas,Reyes,4/17/1983 10:12,20-(744)915-0703,treyes@school.edu
72,Jean,Sullivan,10/27/1972 20:45,7-(493)733-9031,jsullivan@school.edu
73,Emily,Ferguson,11/1/1982 12:29,62-(586)488-3293,eferguson@school.edu
74,Gary,Rodriguez,5/24/1984 20:25,63-(203)686-1048,grodriguez@school.edu
75,Christina,Weaver,3/1/1974 22:18,62-(788)631-2766,cweaver@school.edu
76,Andrea,Cruz,9/27/1975 12:10,62-(244)576-9627,acruz@school.edu
77,Maria,Warren,2/14/1982 16:58,56-(838)523-7429,mwarren@school.edu
78,Diane,Sanchez,12/16/1991 23:36,86-(348)751-1434,dsanchez@school.edu
79,Adam,Turner,2/8/1988 23:17,81-(577)755-1834,aturner@school.edu
80,Joan,Henderson,7/28/1986 9:53,62-(747)309-7220,jhenderson@school.edu
81,Kathleen,Gray,10/16/1971 17:13,996-(359)647-1080,kgray@school.edu
82,Donna,Little,12/18/1991 10:49,62-(862)619-6274,dlittle@school.edu
83,Samuel,Hayes,10/23/1980 15:46,81-(667)889-2356,shayes@school.edu
84,Roy,Butler,10/6/1987 2:30,86-(766)390-5023,rbutler@school.edu
85,Paula,Moore,8/4/1974 0:52,62-(103)737-6834,pmoore@school.edu
86,Henry,Allen,2/25/1989 6:56,691-(523)174-0283,hallen@school.edu
87,Emily,Williams,3/16/1988 21:44,52-(580)429-7142,ewilliams@school.edu
88,Fred,Snyder,2/25/1985 6:40,886-(600)487-6073,fsnyder@school.edu
89,Barbara,Gutierrez,12/21/1979 3:49,86-(449)532-7903,bgutierrez@school.edu
90,Anne,Lopez,2/12/1984 17:30,31-(428)138-5092,alopez@school.edu
91,Benjamin,Wagner,9/24/1980 13:49,351-(477)375-1130,bwagner@school.edu
92,Justin,Powell,10/23/1979 12:47,55-(924)624-7511,jpowell@school.edu
93,Joyce,Lynch,11/2/1985 1:52,62-(226)622-7597,jlynch@school.edu
94,Phyllis,Richards,11/10/1978 17:34,33-(274)857-7364,prichards@school.edu
95,Susan,Willis,1/24/1978 2:23,255-(484)172-1691,swillis@school.edu
96,Jack,Carpenter,9/6/1971 11:59,375-(744)759-3719,jcarpenter@school.edu
97,Jeremy,Morrison,12/31/1986 3:55,380-(938)887-9376,jmorrison@school.edu
98,Craig,Payne,4/3/1986 19:10,1-(944)709-1754,cpayne@school.edu
99,Gerald,Cole,8/9/1988 6:03,354-(901)790-9607,gcole@school.edu
100,Julia,Bailey,4/23/1987 13:27,387-(261)224-3600,jbailey@school.edu
101,William,Ryan,2/15/1977 2:25,54-(814)255-0153,wryan@school.edu
102,Shirley,Gilbert,2/19/1974 1:31,46-(747)170-9248,sgilbert@school.edu
103,Jason,Roberts,9/15/1971 8:27,7-(676)195-4945,jroberts@school.edu
104,Martin,Mendoza,1/23/1986 1:34,7-(699)495-7238,mmendoza@school.edu
105,Billy,Ortiz,3/8/1983 3:42,33-(853)557-3309,bortiz@school.edu
106,Arthur,Price,12/14/1981 18:27,1-(629)209-4929,aprice@school.edu
107,Steve,Webb,7/4/1981 22:42,66-(573)912-9168,swebb@school.edu
108,Ralph,Lawson,1/7/1976 12:02,505-(827)499-9025,rlawson@school.edu
109,Laura,Smith,7/23/1977 15:38,48-(661)228-0948,lsmith@school.edu
110,Terry,Russell,10/3/1983 20:10,33-(257)847-9668,trussell@school.edu
111,Billy,Sanders,10/9/1985 13:28,351-(829)834-3497,bsanders@school.edu
112,Terry,Patterson,2/27/1974 21:06,63-(699)858-9553,tpatterson@school.edu
113,Jessica,Lopez,5/7/1981 1:50,55-(935)306-5954,jlopez@school.edu
114,Aaron,Green,4/16/1980 10:30,58-(599)118-3849,agreen@school.edu
115,Marilyn,West,7/17/1972 7:31,63-(689)622-1966,mwest@school.edu
116,Roy,Gray,3/4/1984 7:22,93-(694)660-9263,rgray@school.edu
117,Helen,Dean,7/25/1989 20:42,52-(803)526-1609,hdean@school.edu
118,Charles,Woods,10/24/1988 5:26,86-(596)761-7115,cwoods@school.edu
119,Betty,Burns,1/11/1991 4:22,82-(795)356-0579,bburns@school.edu
120,Adam,Jordan,8/31/1976 5:54,30-(234)603-6315,ajordan@school.edu
121,Elizabeth,Carpenter,2/16/1989 13:57,86-(847)119-1981,ecarpenter@school.edu
122,Sean,Willis,9/10/1980 11:43,63-(194)827-1580,swillis@school.edu
123,Johnny,Wells,2/20/1989 5:23,504-(178)235-8261,jwells@school.edu
124,Phillip,Nichols,8/21/1982 19:27,66-(344)740-6526,pnichols@school.edu
125,Nancy,Bailey,1/16/1972 18:04,62-(426)749-6714,nbailey@school.edu
126,Bruce,Stewart,11/25/1985 5:56,55-(273)607-0612,bstewart@school.edu
127,Angela,Nguyen,7/22/1975 7:03,353-(191)587-3327,anguyen@school.edu
128,Richard,Johnson,9/18/1976 15:06,389-(131)941-7866,rjohnson@school.edu
129,Edward,Henry,11/18/1989 1:58,62-(454)349-2609,ehenry@school.edu
130,Judy,Price,4/18/1982 10:36,7-(522)730-4886,jprice@school.edu
131,Brandon,Harrison,1/18/1982 2:39,46-(138)556-6680,bharrison@school.edu
132,Joe,Sullivan,8/22/1974 6:28,33-(323)245-5048,jsullivan@school.edu
133,Judy,Bell,5/13/1989 2:38,977-(919)258-8922,jbell@school.edu
134,Gary,Campbell,10/27/1988 21:33,30-(507)323-8135,gcampbell@school.edu
135,Terry,Boyd,2/4/1977 23:32,81-(680)947-4683,tboyd@school.edu
136,Bruce,Gutierrez,10/23/1991 2:49,86-(532)801-4493,bgutierrez@school.edu
137,Irene,Stanley,4/11/1983 15:21,54-(526)748-1434,istanley@school.edu
138,Lois,Stanley,6/6/1970 8:00,86-(798)412-1660,lstanley@school.edu
139,John,Carr,5/11/1973 3:08,1-(516)293-6171,jcarr@school.edu
140,Ashley,Jordan,1/26/1980 15:37,51-(767)387-5207,ajordan@school.edu
141,Brian,Elliott,3/15/1973 8:08,504-(484)760-6905,belliott@school.edu
142,Eugene,Duncan,3/9/1982 17:04,86-(657)777-5915,eduncan@school.edu
143,Marie,Elliott,3/22/1976 1:13,353-(277)237-0121,melliott@school.edu
144,Phillip,Gonzalez,7/8/1984 22:09,61-(469)106-9044,pgonzalez@school.edu
145,Ralph,Fowler,2/11/1991 4:26,55-(854)470-3223,rfowler@school.edu
146,Benjamin,Willis,4/20/1973 17:52,86-(833)808-1077,bwillis@school.edu
147,Douglas,Parker,7/5/1976 6:31,60-(219)380-1919,dparker@school.edu
148,Daniel,Medina,6/26/1989 11:00,48-(772)243-1048,dmedina@school.edu
149,Melissa,Watkins,8/15/1979 17:04,86-(961)149-9941,mwatkins@school.edu
150,Stephanie,Larson,6/29/1973 18:50,86-(689)562-5497,slarson@school.edu
151,Philip,Henry,11/18/1974 14:41,48-(878)411-3251,phenry@school.edu
152,Eric,Butler,9/24/1972 0:21,249-(343)644-9439,ebutler@school.edu
153,Judy,Fuller,6/24/1987 0:07,1-(516)561-7811,jfuller@school.edu
154,Cynthia,Powell,2/2/1973 23:34,963-(920)237-8643,cpowell@school.edu
155,Jason,Matthews,3/27/1991 13:35,86-(157)755-0487,jmatthews@school.edu
156,Judy,Miller,7/27/1970 22:13,33-(121)389-4691,jmiller@school.edu
157,Paula,Hernandez,9/21/1971 20:57,86-(769)427-5144,phernandez@school.edu
158,Eric,Patterson,12/1/1988 8:57,1-(513)862-3669,epatterson@school.edu
159,Frank,Baker,4/28/1990 11:28,992-(293)499-3444,fbaker@school.edu
160,Keith,Rodriguez,11/29/1984 5:09,371-(260)942-4691,krodriguez@school.edu
161,Justin,Stevens,6/13/1989 6:34,7-(673)588-5667,jstevens@school.edu
162,Joe,Perez,9/1/1977 16:01,351-(345)303-4673,jperez@school.edu
163,Willie,Stewart,10/11/1987 9:50,373-(445)800-8980,wstewart@school.edu
164,Marie,Porter,10/9/1976 23:59,86-(722)299-2564,mporter@school.edu
165,William,Baker,5/16/1991 0:28,48-(318)740-2636,wbaker@school.edu
166,Shirley,Vasquez,11/4/1987 2:28,86-(209)914-9860,svasquez@school.edu
167,Pamela,Kelley,11/23/1971 1:12,55-(970)244-1823,pkelley@school.edu
168,Carolyn,Hernandez,10/28/1980 4:42,86-(953)817-2022,chernandez@school.edu
169,Heather,Reyes,12/27/1983 8:51,420-(117)669-7859,hreyes@school.edu
170,Stephen,Graham,10/20/1989 18:39,33-(127)268-2385,sgraham@school.edu
171,Anthony,Alexander,8/12/1981 20:54,48-(838)420-7858,aalexander@school.edu
172,Edward,Carpenter,11/4/1978 16:38,255-(106)653-7081,ecarpenter@school.edu
173,Paula,Torres,10/24/1986 5:23,55-(706)280-7126,ptorres@school.edu
174,Charles,Mccoy,10/27/1985 2:10,33-(210)803-1686,cmccoy@school.edu
175,Antonio,Morrison,10/19/1977 9:57,86-(923)988-2362,amorrison@school.edu
176,Deborah,Weaver,2/12/1984 8:06,62-(669)467-3876,dweaver@school.edu
177,Thomas,Mccoy,6/19/1979 23:35,47-(480)196-8529,tmccoy@school.edu
178,Peter,Lewis,2/22/1988 0:43,46-(965)219-2490,plewis@school.edu
179,Donald,Ward,12/23/1983 3:14,86-(521)234-9804,dward@school.edu
180,Jimmy,Perez,2/13/1982 23:47,46-(762)174-3088,jperez@school.edu
181,Ralph,Stevens,3/11/1973 0:32,856-(145)836-6989,rstevens@school.edu
182,Kimberly,Long,5/3/1980 1:11,62-(479)337-1372,klong@school.edu
183,Mildred,Hart,12/15/1984 19:52,86-(996)894-1699,mhart@school.edu
184,Russell,Palmer,4/24/1988 14:41,86-(463)299-3024,rpalmer@school.edu
185,Donald,Frazier,11/4/1980 18:33,54-(829)173-5755,dfrazier@school.edu
186,Brandon,Burton,1/13/1975 8:01,55-(869)717-5238,bburton@school.edu
187,Ruby,Kim,11/24/1985 12:20,55-(720)922-3072,rkim@school.edu
188,Jose,Ortiz,7/12/1975 13:06,86-(476)927-8090,jortiz@school.edu
189,Billy,Hunt,11/14/1982 18:36,420-(218)294-3253,bhunt@school.edu
190,Marie,Martin,1/1/1975 21:23,1-(389)777-7899,mmartin@school.edu
191,Tammy,Johnson,2/6/1972 21:25,33-(940)606-1424,tjohnson@school.edu
192,Joyce,Jones,11/19/1980 2:50,371-(148)523-7388,jjones@school.edu
193,Brandon,Gibson,11/6/1981 13:37,33-(579)136-3166,bgibson@school.edu
194,Michelle,Boyd,8/5/1972 5:10,63-(139)300-3886,mboyd@school.edu
195,Matthew,Torres,5/14/1988 10:09,33-(302)708-2462,mtorres@school.edu
196,Paul,Andrews,12/5/1974 14:27,55-(488)610-0465,pandrews@school.edu
197,Eric,Turner,4/8/1983 14:58,60-(385)619-3052,eturner@school.edu
198,Anne,Johnston,9/9/1973 4:21,57-(808)163-5099,ajohnston@school.edu
199,Earl,Wood,3/30/1974 21:11,55-(489)616-3712,ewood@school.edu
200,Elizabeth,Alexander,3/8/1976 21:41,358-(681)938-7987,ealexander@school.edu
201,Sharon,Bennett,12/10/1989 23:27,86-(193)447-2952,sbennett@school.edu
202,Jesse,Kelley,9/1/1975 0:24,86-(844)843-5799,jkelley@school.edu
203,Rose,Richardson,6/16/1980 22:37,86-(844)306-5639,rrichardson@school.edu
204,Kenneth,Weaver,11/3/1980 1:04,1-(832)910-5326,kweaver@school.edu
205,Lillian,Lynch,6/22/1986 16:09,63-(579)912-6719,llynch@school.edu
206,Douglas,Diaz,9/4/1979 15:26,1-(801)472-3830,ddiaz@school.edu
207,Wanda,Miller,8/29/1985 2:51,57-(744)685-8241,wmiller@school.edu
208,Catherine,Andrews,1/2/1973 0:16,63-(965)636-9154,candrews@school.edu
209,Jane,Porter,8/24/1987 23:57,52-(254)797-1576,jporter@school.edu
210,Heather,Austin,10/27/1983 12:52,994-(218)895-1259,haustin@school.edu
211,Kathleen,Morris,1/16/1990 4:40,352-(221)170-8300,kmorris@school.edu
212,Jeffrey,Williamson,2/18/1976 6:29,86-(872)522-9936,jwilliamson@school.edu
213,Ryan,Harvey,6/28/1991 13:01,7-(796)346-3048,rharvey@school.edu
214,Laura,Clark,12/12/1991 3:44,55-(879)923-4361,lclark@school.edu
215,Donna,Greene,11/13/1975 2:37,56-(326)397-8010,dgreene@school.edu
216,Jeremy,Ford,11/15/1973 11:30,86-(414)725-4421,jford@school.edu
217,Sarah,Riley,6/9/1972 23:13,86-(790)255-8428,sriley@school.edu
218,Catherine,Wallace,11/7/1972 10:57,7-(547)175-4292,cwallace@school.edu
219,Craig,Wheeler,10/4/1976 22:08,7-(628)799-9267,cwheeler@school.edu
220,Doris,Hill,2/6/1983 11:05,1-(252)378-0562,dhill@school.edu
221,Walter,Scott,12/7/1977 7:23,92-(553)336-5993,wscott@school.edu
222,Samuel,Hill,10/5/1971 15:24,7-(288)704-1312,shill@school.edu
223,Jean,Green,10/24/1970 21:53,242-(853)676-5081,jgreen@school.edu
224,Stephen,Hughes,4/29/1988 23:40,358-(800)200-5070,shughes@school.edu
225,Nicole,Carroll,8/4/1991 23:22,48-(910)921-3142,ncarroll@school.edu
226,Louis,Wells,12/4/1977 17:42,56-(312)101-8147,lwells@school.edu
227,Kathleen,Kim,8/31/1985 16:09,86-(645)958-4230,kkim@school.edu
228,Phyllis,Mccoy,2/11/1972 1:31,86-(652)324-7255,pmccoy@school.edu
229,Timothy,Thomas,10/4/1985 16:47,62-(356)953-9567,tthomas@school.edu
230,Kathleen,Ellis,10/28/1972 8:04,39-(393)492-9350,kellis@school.edu
231,Amy,Sullivan,7/8/1985 6:23,53-(264)379-9345,asullivan@school.edu
232,Irene,Bryant,6/7/1979 10:38,30-(676)580-4071,ibryant@school.edu
233,Keith,Rivera,6/17/1979 14:15,52-(888)920-1545,krivera@school.edu
234,Jeremy,Lane,7/27/1988 8:20,66-(268)538-9401,jlane@school.edu
235,Charles,Ward,11/18/1973 16:29,994-(410)867-8064,cward@school.edu
236,Andrea,Wilson,10/27/1970 21:09,1-(402)482-3361,awilson@school.edu
237,Kathleen,Larson,7/4/1982 14:47,258-(723)252-8596,klarson@school.edu
238,Diana,Flores,4/4/1985 11:41,81-(133)486-8809,dflores@school.edu
239,Ralph,Parker,5/9/1987 13:35,62-(103)481-8026,rparker@school.edu
240,Timothy,West,12/20/1990 15:27,84-(943)785-6311,twest@school.edu
241,Christopher,Weaver,12/7/1973 12:33,66-(578)349-9449,cweaver@school.edu
242,Jesse,Bailey,4/29/1991 13:27,504-(967)621-9528,jbailey@school.edu
243,Earl,Russell,8/4/1971 19:40,62-(641)260-5199,erussell@school.edu
244,Carol,Hall,9/17/1990 13:42,1-(439)565-9431,chall@school.edu
245,Bobby,Kennedy,7/6/1973 23:46,62-(606)834-2587,bkennedy@school.edu
246,Randy,Riley,2/26/1989 17:38,51-(808)488-1083,rriley@school.edu
247,Jason,Cooper,3/3/1990 11:03,66-(719)960-8749,jcooper@school.edu
248,Nancy,Adams,6/11/1976 13:06,380-(570)887-1159,nadams@school.edu
249,Patricia,Riley,10/16/1990 17:45,353-(359)438-5914,priley@school.edu
250,Thomas,Hernandez,12/11/1977 0:19,420-(573)638-7908,thernandez@school.edu
251,Ryan,Ellis,4/22/1979 9:42,86-(102)580-2374,rellis@school.edu
252,Bruce,Warren,8/21/1977 10:16,963-(592)557-5072,bwarren@school.edu
253,Fred,Hudson,3/16/1974 17:46,216-(734)741-6544,fhudson@school.edu
254,Steven,Weaver,11/25/1990 15:45,266-(276)529-3574,sweaver@school.edu
255,Jacqueline,Gardner,8/3/1973 0:20,7-(961)291-1285,jgardner@school.edu
256,Bonnie,Reid,1/19/1978 19:11,86-(694)885-1349,breid@school.edu
257,Susan,Hansen,9/21/1974 9:51,351-(581)338-9949,shansen@school.edu
258,Gary,Spencer,6/14/1971 20:04,420-(348)861-9476,gspencer@school.edu
259,James,Russell,9/21/1975 0:33,994-(995)156-0465,jrussell@school.edu
260,Joshua,Marshall,11/30/1972 2:25,62-(195)545-3130,jmarshall@school.edu
261,Keith,Hanson,4/16/1979 18:11,260-(976)193-8669,khanson@school.edu
262,Frances,Henderson,3/28/1970 2:12,242-(285)941-2288,fhenderson@school.edu
263,Anna,Sanders,3/18/1983 11:07,86-(681)158-7083,asanders@school.edu
264,Alice,Wheeler,12/4/1979 23:28,86-(785)374-9066,awheeler@school.edu
265,Helen,Pierce,3/20/1985 14:33,692-(979)838-8554,hpierce@school.edu
266,Daniel,Rivera,10/13/1979 23:34,351-(119)235-9438,drivera@school.edu
267,Heather,Lynch,4/26/1986 11:40,351-(113)221-5151,hlynch@school.edu
268,Cynthia,Crawford,4/25/1981 19:24,86-(423)292-3625,ccrawford@school.edu
269,William,Spencer,12/5/1971 13:34,505-(677)790-2307,wspencer@school.edu
270,Peter,Romero,8/29/1991 23:11,86-(533)273-3184,promero@school.edu
271,Russell,Roberts,11/26/1973 5:37,86-(217)509-7337,rroberts@school.edu
272,Thomas,Fowler,10/1/1970 2:31,1-(516)341-9757,tfowler@school.edu
273,Lois,Armstrong,1/16/1982 1:12,86-(967)610-2929,larmstrong@school.edu
274,Willie,Willis,4/6/1986 0:10,33-(720)204-8613,wwillis@school.edu
275,Arthur,Stevens,10/4/1970 18:17,62-(125)748-8262,astevens@school.edu
276,Amanda,Spencer,1/24/1984 2:28,86-(222)339-8652,aspencer@school.edu
277,Joe,Brooks,4/22/1973 8:53,86-(302)608-3488,jbrooks@school.edu
278,Kimberly,Perry,3/20/1978 0:09,54-(782)631-0943,kperry@school.edu
279,Carol,Ramos,3/19/1986 1:02,227-(369)286-3739,cramos@school.edu
280,Patricia,Watson,6/24/1984 9:39,86-(960)465-8100,pwatson@school.edu
281,Phyllis,Gordon,3/2/1980 23:12,66-(801)843-3883,pgordon@school.edu
282,Kenneth,Ward,2/13/1988 14:04,7-(668)294-9681,kward@school.edu
283,Brandon,Hall,4/29/1975 18:52,359-(557)236-6791,bhall@school.edu
284,Joan,Roberts,12/19/1991 15:45,230-(258)778-9404,jroberts@school.edu
285,Nancy,Howard,6/16/1975 5:36,86-(877)651-0286,nhoward@school.edu
286,Michelle,Boyd,4/12/1971 6:02,380-(744)377-1500,mboyd@school.edu
287,Patricia,Clark,6/15/1991 6:38,51-(124)773-9913,pclark@school.edu
288,Justin,Stone,5/30/1973 14:40,47-(892)274-2661,jstone@school.edu
289,Virginia,Stanley,6/18/1976 23:29,55-(487)709-9947,vstanley@school.edu
290,Rose,Murphy,3/31/1981 12:09,7-(387)433-3540,rmurphy@school.edu
291,Lisa,Morgan,11/24/1970 17:43,238-(898)428-3072,lmorgan@school.edu
292,Jerry,Romero,5/25/1979 14:02,52-(228)978-0206,jromero@school.edu
293,Cheryl,Clark,12/1/1982 14:18,86-(545)434-1089,cclark@school.edu
294,Maria,Wheeler,3/25/1986 17:51,58-(876)753-3066,mwheeler@school.edu
295,Phyllis,Holmes,9/15/1991 15:26,62-(949)646-3893,pholmes@school.edu
296,Barbara,Hudson,10/28/1972 7:20,62-(794)808-6632,bhudson@school.edu
297,Linda,Simmons,1/9/1989 8:27,62-(464)338-4429,lsimmons@school.edu
298,David,Hudson,4/5/1978 14:22,86-(588)835-5556,dhudson@school.edu
299,Nicholas,Allen,3/26/1990 14:53,63-(491)635-3015,nallen@school.edu
