StudentID,StudentFName,StudentLName,StudentDOB,StudentPhoneNumber,StudentEmail,StudentTypeID
2,Christine,Lewis,4/29/1993 0:32,33-(752)813-0354,clewis@school.edu,4
3,Kathleen,Snyder,4/13/1994 7:21,55-(434)112-7065,ksnyder@school.edu,5
4,William,Wood,5/25/1997 22:26,351-(107)446-8659,wwood@school.edu,4
5,Patricia,Harris,9/1/1990 21:30,86-(515)820-8301,pharris@school.edu,5
6,Lois,Wheeler,11/23/1988 15:20,689-(838)539-8250,lwheeler@school.edu,1
7,George,Wood,3/19/1987 17:16,1-(971)174-2433,gwood@school.edu,2
8,Joseph,Willis,10/9/1985 11:07,57-(405)762-5756,jwillis@school.edu,5
9,Norma,Hall,10/26/1982 8:39,86-(699)214-3929,nhall@school.edu,5
10,Gloria,Reed,1/29/1994 22:07,62-(182)317-4705,greed@school.edu,5
11,Terry,Pierce,3/29/1989 13:50,86-(238)559-5612,tpierce@school.edu,3
12,Norma,Ray,8/21/1985 8:25,420-(146)715-6938,nray@school.edu,4
13,Lois,Carpenter,2/15/1988 9:50,62-(417)475-7874,lcarpenter@school.edu,3
14,Shawn,Sullivan,10/9/1987 11:28,86-(260)205-0490,ssullivan@school.edu,3
15,Christina,Romero,8/31/1992 15:27,86-(316)354-7417,cromero@school.edu,5
16,Kathleen,Martinez,2/11/1997 19:28,7-(407)144-1052,kmartinez@school.edu,5
17,Timothy,Sims,9/1/1992 18:17,249-(553)371-4681,tsims@school.edu,3
18,Dorothy,Dean,3/10/1983 11:45,1-(126)924-4924,ddean@school.edu,2
19,Joe,Wheeler,12/5/1985 10:32,62-(580)103-1414,jwheeler@school.edu,3
20,George,Jones,2/14/1989 9:13,58-(849)660-0275,gjones@school.edu,2
21,Scott,Lewis,1/23/1984 0:33,48-(690)282-2986,slewis@school.edu,2
22,Kathryn,Greene,8/28/1984 17:05,351-(700)566-5757,kgreene@school.edu,3
23,Jimmy,Diaz,5/20/1986 20:45,591-(283)535-4241,jdiaz@school.edu,2
24,Carl,Perez,2/11/1984 3:39,262-(840)469-3537,cperez@school.edu,2
25,Jean,Diaz,10/22/1993 13:19,62-(423)589-7268,jdiaz@school.edu,1
26,Keith,Reid,8/2/1991 12:16,420-(738)543-0418,kreid@school.edu,5
27,Henry,Mitchell,1/25/1996 16:04,55-(843)961-8845,hmitchell@school.edu,2
28,Terry,Palmer,1/14/1987 21:28,63-(145)241-8949,tpalmer@school.edu,4
29,Dennis,Holmes,12/3/1987 3:12,992-(370)999-3972,dholmes@school.edu,4
30,Paul,Gardner,12/18/1984 20:32,33-(970)985-1041,pgardner@school.edu,2
31,Teresa,Sanders,3/27/1991 2:26,357-(641)944-7892,tsanders@school.edu,3
32,Benjamin,Berry,2/15/1986 17:10,62-(627)897-6697,bberry@school.edu,4
33,Rose,Sanders,5/1/1992 10:01,255-(964)717-5321,rsanders@school.edu,4
34,Henry,Morales,6/21/1990 8:23,62-(712)955-6648,hmorales@school.edu,2
35,Terry,Moore,4/17/1988 19:53,1-(706)742-8550,tmoore@school.edu,2
36,Helen,Cruz,3/2/1990 2:25,7-(440)367-3123,hcruz@school.edu,3
37,Michael,Nelson,10/4/1996 11:50,33-(215)487-6357,mnelson@school.edu,4
38,Keith,Stewart,1/31/1991 20:48,46-(612)995-8135,kstewart@school.edu,4
39,Craig,Dunn,8/17/1981 7:54,383-(680)469-4170,cdunn@school.edu,4
40,Albert,Holmes,1/24/1980 22:27,86-(148)818-6023,aholmes@school.edu,5
41,Donald,Moreno,8/12/1994 19:49,7-(677)778-4141,dmoreno@school.edu,4
42,Aaron,Smith,4/23/1980 4:46,86-(977)121-4743,asmith@school.edu,4
43,Barbara,Graham,5/26/1990 15:22,55-(689)351-6097,bgraham@school.edu,3
44,Wanda,Schmidt,8/27/1982 10:28,84-(611)707-8694,wschmidt@school.edu,2
45,Carlos,Stevens,1/13/1992 8:43,86-(201)466-8804,cstevens@school.edu,4
46,Amanda,Wright,11/18/1987 5:07,30-(556)953-5800,awright@school.edu,3
47,Susan,George,7/29/1994 6:13,57-(780)548-1132,sgeorge@school.edu,1
48,Steve,Austin,10/26/1994 18:36,86-(473)927-1180,saustin@school.edu,3
49,Cheryl,Parker,7/7/1989 4:49,374-(479)425-1181,cparker@school.edu,2
50,Barbara,Owens,10/7/1990 18:45,371-(961)995-3166,bowens@school.edu,3
51,Rebecca,Lee,5/28/1991 10:41,57-(767)995-0541,rlee@school.edu,3
52,Harold,Owens,12/22/1991 19:12,7-(238)489-7741,howens@school.edu,3
53,William,Scott,7/18/1981 12:45,62-(261)727-3435,wscott@school.edu,3
54,Scott,Martinez,1/13/1982 21:54,31-(335)471-1751,smartinez@school.edu,4
55,Robert,Gibson,4/8/1985 15:51,51-(834)881-7151,rgibson@school.edu,4
56,Ashley,King,12/2/1989 19:16,62-(523)590-3718,aking@school.edu,5
57,Kevin,Cole,3/11/1991 10:51,55-(906)833-2305,kcole@school.edu,5
58,Charles,Carpenter,12/13/1988 3:38,86-(928)427-3242,ccarpenter@school.edu,5
59,Beverly,Arnold,2/13/1995 6:20,62-(857)790-4131,barnold@school.edu,5
60,Mary,Chapman,3/11/1995 10:50,385-(963)276-6608,mchapman@school.edu,3
61,Annie,Harrison,5/28/1994 4:03,82-(620)160-1437,aharrison@school.edu,2
62,Timothy,Knight,5/15/1983 4:51,994-(730)555-4979,tknight@school.edu,3
63,Jeffrey,Hawkins,6/21/1981 20:44,62-(439)226-6924,jhawkins@school.edu,2
64,Albert,Dean,11/10/1986 8:54,46-(493)653-3107,adean@school.edu,1
65,Henry,Fisher,11/11/1985 10:27,54-(190)280-3324,hfisher@school.edu,5
66,Joshua,Lane,11/1/1984 2:15,48-(229)483-0002,jlane@school.edu,2
67,Lori,Ward,2/14/1990 10:57,48-(498)210-2073,lward@school.edu,1
68,Ruth,Fowler,9/22/1982 16:31,880-(412)269-8064,rfowler@school.edu,5
69,Rebecca,Watkins,9/26/1994 0:49,86-(801)882-1616,rwatkins@school.edu,2
70,Wayne,Walker,7/8/1982 14:31,63-(975)775-1652,wwalker@school.edu,3
71,Beverly,Sullivan,1/12/1992 3:57,86-(517)429-1033,bsullivan@school.edu,2
72,Joshua,Hicks,10/11/1989 19:15,98-(821)274-8939,jhicks@school.edu,1
73,Brian,Price,7/28/1990 2:54,86-(301)588-0730,bprice@school.edu,4
74,Peter,Scott,6/11/1988 20:35,420-(960)734-9317,pscott@school.edu,3
75,Janice,Parker,10/19/1980 0:29,55-(474)819-8174,jparker@school.edu,1
76,Louise,James,4/14/1987 20:12,358-(222)474-2128,ljames@school.edu,4
77,Larry,Ryan,8/9/1987 13:54,81-(104)253-3297,lryan@school.edu,1
78,Stephen,Phillips,4/25/1995 5:21,381-(997)390-3860,sphillips@school.edu,4
79,Raymond,Chapman,10/2/1997 9:56,385-(605)442-6253,rchapman@school.edu,2
80,Lawrence,Hansen,12/14/1994 10:04,86-(253)808-2255,lhansen@school.edu,3
81,Julia,Wallace,4/1/1985 9:49,420-(607)697-9800,jwallace@school.edu,4
82,Joe,Scott,5/13/1984 4:30,86-(703)802-5222,jscott@school.edu,3
83,Billy,Fowler,4/21/1993 1:12,86-(421)822-8193,bfowler@school.edu,1
84,Louise,Hicks,5/4/1981 14:25,7-(218)548-9411,lhicks@school.edu,2
85,Andrea,Lee,4/6/1980 21:27,62-(599)790-9894,alee@school.edu,3
86,Albert,Green,10/6/1990 11:45,236-(728)990-0657,agreen@school.edu,2
87,Sarah,Perez,2/3/1985 15:05,86-(545)643-8093,sperez@school.edu,5
88,Carolyn,Lee,10/27/1995 17:11,46-(811)661-1380,clee@school.edu,2
89,Jerry,Thompson,12/4/1981 18:44,52-(796)507-6262,jthompson@school.edu,3
90,Joyce,Ford,8/20/1984 13:47,48-(444)512-7221,jford@school.edu,4
91,Anthony,Jordan,5/12/1996 12:51,62-(941)465-8126,ajordan@school.edu,3
92,Judy,Graham,11/8/1982 14:41,7-(614)159-7284,jgraham@school.edu,1
93,Debra,Howard,8/18/1991 1:27,56-(784)797-1373,dhoward@school.edu,2
94,Carl,Ray,6/4/1983 11:01,976-(367)597-2384,cray@school.edu,5
95,Robin,Torres,7/22/1980 7:59,504-(676)412-5164,rtorres@school.edu,3
96,Jacqueline,Moore,2/17/1983 5:24,51-(200)159-7004,jmoore@school.edu,4
97,Cynthia,Martinez,2/26/1987 16:51,86-(619)119-8081,cmartinez@school.edu,3
98,Frances,Butler,6/18/1985 16:30,62-(689)618-8052,fbutler@school.edu,4
99,Louise,Lopez,10/4/1981 5:54,33-(440)339-0311,llopez@school.edu,4
100,Lori,Hansen,6/17/1983 8:26,371-(741)344-9992,lhansen@school.edu,3
101,Judy,Ruiz,3/28/1981 0:17,51-(722)543-1363,jruiz@school.edu,5
102,Harry,Moore,11/23/1997 8:41,86-(896)370-3188,hmoore@school.edu,3
103,Scott,Knight,4/1/1989 8:33,55-(286)586-7926,sknight@school.edu,5
104,Norma,Vasquez,9/5/1991 19:51,55-(931)433-6968,nvasquez@school.edu,2
105,Rebecca,Stephens,5/18/1995 1:13,48-(515)549-5375,rstephens@school.edu,2
106,Judith,Wilson,11/22/1980 20:21,62-(227)563-8806,jwilson@school.edu,3
107,Daniel,Cruz,4/6/1990 20:02,7-(586)230-4102,dcruz@school.edu,3
108,Ann,Sullivan,4/18/1989 4:40,351-(828)544-4939,asullivan@school.edu,5
109,James,Walker,10/6/1984 18:56,92-(441)388-6944,jwalker@school.edu,5
110,Ann,White,9/11/1982 13:07,230-(274)896-5741,awhite@school.edu,2
111,Laura,Reyes,8/19/1988 13:27,86-(162)705-0731,lreyes@school.edu,4
112,Samuel,Harvey,9/15/1993 3:08,55-(768)905-4361,sharvey@school.edu,5
113,Philip,Gibson,8/12/1994 11:50,57-(533)316-5409,pgibson@school.edu,4
114,Adam,Diaz,6/17/1983 21:22,86-(613)432-9664,adiaz@school.edu,4
115,Nicole,Hunt,1/29/1995 18:50,66-(510)353-8225,nhunt@school.edu,3
116,Brian,Carr,3/26/1996 16:03,33-(621)606-5493,bcarr@school.edu,4
117,Paula,Mccoy,9/26/1984 22:05,7-(338)401-0799,pmccoy@school.edu,4
118,Norma,Fields,7/13/1990 18:48,7-(494)342-0984,nfields@school.edu,5
119,Anna,Rivera,8/11/1981 23:08,33-(117)501-9030,arivera@school.edu,2
120,Michelle,Greene,6/14/1989 8:11,86-(672)895-1193,mgreene@school.edu,3
121,Deborah,Kennedy,6/11/1980 23:48,86-(640)650-7903,dkennedy@school.edu,2
122,Rachel,Andrews,8/4/1988 7:44,998-(990)274-6684,randrews@school.edu,3
123,Betty,Harrison,6/4/1987 3:29,55-(121)606-4793,bharrison@school.edu,5
124,Theresa,Fisher,5/25/1982 9:19,7-(190)812-0388,tfisher@school.edu,3
125,Cynthia,Griffin,10/27/1985 17:48,33-(347)773-5195,cgriffin@school.edu,2
126,Scott,Hicks,3/18/1992 13:20,86-(445)377-1178,shicks@school.edu,5
127,Debra,Kennedy,9/27/1980 10:12,372-(724)386-9711,dkennedy@school.edu,3
128,Willie,Miller,6/26/1981 10:42,55-(999)160-7410,wmiller@school.edu,4
129,Steven,Barnes,11/5/1987 6:10,57-(197)231-8996,sbarnes@school.edu,1
130,Justin,Hunter,9/23/1986 5:56,81-(103)434-2283,jhunter@school.edu,2
131,Carl,Ryan,7/25/1986 1:18,86-(140)401-8726,cryan@school.edu,3
132,Johnny,Anderson,5/15/1983 23:34,63-(686)681-1309,janderson@school.edu,2
133,Denise,Marshall,6/2/1985 20:24,46-(511)647-2543,dmarshall@school.edu,2
134,Eugene,Simpson,2/1/1984 11:06,62-(268)348-7387,esimpson@school.edu,4
135,John,Owens,1/24/1985 23:29,52-(456)382-9799,jowens@school.edu,3
136,Sara,Holmes,4/18/1987 18:51,509-(881)344-9174,sholmes@school.edu,4
137,Sean,Parker,4/16/1983 14:12,351-(895)932-0488,sparker@school.edu,5
138,Tammy,Lane,10/29/1980 15:50,92-(379)734-6887,tlane@school.edu,1
139,Harold,Gonzalez,6/12/1997 15:22,62-(469)999-1300,hgonzalez@school.edu,4
140,Kelly,Kelley,9/12/1985 2:33,86-(566)418-3981,kkelley@school.edu,1
141,Cheryl,Fox,6/12/1996 17:30,86-(454)615-8662,cfox@school.edu,1
142,Alice,Castillo,12/18/1988 14:08,7-(965)226-0974,acastillo@school.edu,3
143,Catherine,Grant,2/14/1980 0:19,57-(996)478-1125,cgrant@school.edu,3
144,Cheryl,Jones,8/3/1992 15:15,381-(176)432-8424,cjones@school.edu,5
145,Albert,Ford,7/16/1988 19:39,57-(274)939-3988,aford@school.edu,2
146,Wayne,Wagner,10/5/1987 10:36,63-(325)649-3947,wwagner@school.edu,4
147,Bobby,Garcia,4/24/1986 1:52,63-(703)693-7371,bgarcia@school.edu,2
148,Julie,Howell,11/19/1994 0:09,420-(705)684-8041,jhowell@school.edu,4
149,Teresa,Walker,1/30/1983 1:02,30-(525)546-5298,twalker@school.edu,4
150,Alice,Medina,12/1/1987 16:57,994-(378)961-5565,amedina@school.edu,4
151,Amanda,Greene,7/3/1980 14:01,86-(978)656-9405,agreene@school.edu,4
152,Tammy,Graham,6/16/1986 5:00,998-(889)371-3861,tgraham@school.edu,2
153,Eric,Crawford,11/18/1983 14:53,385-(420)172-0155,ecrawford@school.edu,4
154,Teresa,Wood,5/28/1997 9:36,62-(322)706-4433,twood@school.edu,2
155,Samuel,Rose,12/11/1987 5:42,86-(387)917-7366,srose@school.edu,3
156,Kathleen,Hunt,12/12/1991 2:12,86-(951)391-4648,khunt@school.edu,3
157,Kenneth,Smith,2/16/1985 19:23,54-(717)646-9629,ksmith@school.edu,4
158,Alan,Collins,6/24/1995 20:52,81-(149)111-3728,acollins@school.edu,4
159,Billy,Mason,3/30/1984 13:52,263-(713)843-1941,bmason@school.edu,4
160,Eugene,Robinson,12/30/1984 22:09,351-(636)877-4481,erobinson@school.edu,3
161,Laura,Garcia,4/25/1992 18:15,63-(572)355-0498,lgarcia@school.edu,4
162,Harold,Moore,4/20/1990 10:27,382-(225)855-4010,hmoore@school.edu,4
163,Janet,Rice,1/12/1990 7:47,265-(908)375-0330,jrice@school.edu,4
164,Dorothy,Lee,6/27/1986 11:47,62-(266)230-8147,dlee@school.edu,1
165,Willie,Willis,1/31/1985 17:30,55-(559)894-6106,wwillis@school.edu,4
166,Harold,Miller,10/10/1990 8:09,62-(108)422-2775,hmiller@school.edu,3
167,Anne,Kim,10/25/1988 18:07,66-(568)715-0400,akim@school.edu,3
168,Johnny,Simpson,6/28/1986 2:26,57-(484)749-2427,jsimpson@school.edu,3
169,Johnny,Meyer,6/27/1984 20:22,7-(832)393-5689,jmeyer@school.edu,3
170,Judith,Howell,3/12/1988 16:45,63-(820)721-6333,jhowell@school.edu,3
171,Marie,Duncan,6/9/1997 9:43,48-(467)927-7558,mduncan@school.edu,2
172,Craig,Knight,5/12/1989 23:16,351-(978)716-7757,cknight@school.edu,4
173,Joyce,Jordan,7/21/1988 2:26,93-(759)235-4024,jjordan@school.edu,1
174,Gerald,Tucker,7/3/1980 15:49,86-(644)739-2184,gtucker@school.edu,3
175,Sara,Morris,8/14/1995 3:46,358-(805)214-8223,smorris@school.edu,5
176,Brenda,Day,3/22/1995 8:23,7-(245)230-5803,bday@school.edu,3
177,Howard,Alexander,4/14/1982 8:34,352-(958)138-5082,halexander@school.edu,1
178,Emily,Perkins,9/1/1986 4:50,970-(852)505-4644,eperkins@school.edu,4
179,Jerry,Ward,7/14/1983 19:47,86-(396)225-6389,jward@school.edu,3
180,Roy,Hayes,5/9/1992 22:37,353-(955)375-6452,rhayes@school.edu,5
181,Phillip,Fernandez,4/19/1990 19:13,33-(107)849-2227,pfernandez@school.edu,2
182,Ernest,Lynch,2/23/1985 16:40,86-(450)572-7087,elynch@school.edu,4
183,Kimberly,Meyer,6/1/1991 21:03,358-(118)304-3183,kmeyer@school.edu,4
184,Louis,Woods,12/1/1981 4:31,62-(162)806-4471,lwoods@school.edu,4
185,Ronald,Cruz,5/25/1981 9:01,86-(927)127-9303,rcruz@school.edu,4
186,Donald,Wheeler,12/28/1987 2:15,86-(733)213-0947,dwheeler@school.edu,4
187,Richard,Murphy,4/23/1997 2:39,84-(732)606-8868,rmurphy@school.edu,1
188,Harold,Porter,3/20/1991 14:51,420-(468)973-5765,hporter@school.edu,4
189,Mark,Perez,5/5/1982 10:19,86-(837)878-7172,mperez@school.edu,4
190,Frank,Larson,3/21/1996 19:02,63-(950)317-8037,flarson@school.edu,3
191,Roy,Butler,3/21/1983 0:49,62-(968)806-8541,rbutler@school.edu,2
192,Jose,Hanson,4/7/1986 18:41,62-(624)838-3727,jhanson@school.edu,3
193,Brian,Boyd,3/11/1982 16:39,55-(978)832-3102,bboyd@school.edu,3
194,Kathryn,Hansen,10/25/1987 22:53,46-(135)866-7732,khansen@school.edu,4
195,Dennis,Hawkins,6/2/1994 17:08,66-(234)724-1712,dhawkins@school.edu,3
196,Peter,Daniels,2/1/1988 1:25,27-(161)590-2415,pdaniels@school.edu,2
197,Christina,Matthews,10/19/1994 16:46,86-(437)170-7189,cmatthews@school.edu,5
198,Timothy,Lane,8/30/1983 14:32,62-(258)449-9373,tlane@school.edu,1
199,Marilyn,Cook,9/26/1982 9:23,57-(559)254-6609,mcook@school.edu,2
200,Gary,Hawkins,12/1/1997 15:09,7-(671)952-5250,ghawkins@school.edu,5
201,Adam,Willis,5/1/1980 15:30,44-(865)633-8075,awillis@school.edu,2
202,Martha,Nichols,4/2/1980 4:53,66-(627)967-8093,mnichols@school.edu,1
203,Helen,Stevens,3/24/1990 14:09,351-(822)403-7681,hstevens@school.edu,2
204,Chris,Richardson,12/12/1991 19:49,55-(991)702-0248,crichardson@school.edu,5
205,Julia,Franklin,6/23/1982 15:31,261-(980)303-9938,jfranklin@school.edu,3
206,Louise,Dunn,7/25/1996 1:15,63-(578)650-7399,ldunn@school.edu,3
207,Andrea,Simpson,2/22/1983 14:52,57-(151)964-3388,asimpson@school.edu,2
208,Roy,Griffin,9/16/1987 11:42,7-(388)113-9766,rgriffin@school.edu,2
209,Mark,Ortiz,11/28/1990 11:35,48-(246)961-5579,mortiz@school.edu,5
210,Teresa,Hawkins,3/18/1993 10:40,55-(938)347-0255,thawkins@school.edu,4
211,Jean,Clark,3/27/1980 3:04,358-(278)475-7345,jclark@school.edu,4
212,Paula,Mitchell,4/27/1989 6:44,591-(574)425-6607,pmitchell@school.edu,4
213,Betty,Ramirez,7/20/1982 18:04,381-(734)832-1237,bramirez@school.edu,3
214,Kathy,James,11/1/1992 14:15,62-(812)686-7642,kjames@school.edu,3
215,Louis,Ward,4/14/1985 15:55,55-(555)943-2556,lward@school.edu,1
216,Mary,Stanley,6/18/1983 0:40,593-(290)699-6399,mstanley@school.edu,5
217,Mark,Owens,2/4/1984 2:02,216-(396)630-9625,mowens@school.edu,5
218,Edward,Patterson,2/21/1983 11:31,972-(341)118-6661,epatterson@school.edu,3
219,Phyllis,Banks,10/19/1989 1:30,48-(732)838-1742,pbanks@school.edu,5
220,Jane,Willis,9/25/1988 11:14,62-(134)955-7594,jwillis@school.edu,1
221,Lisa,Kelly,12/14/1983 10:22,84-(881)757-0839,lkelly@school.edu,2
222,Peter,Peters,10/19/1981 23:47,62-(716)237-4435,ppeters@school.edu,2
223,Barbara,Perez,9/5/1993 20:41,63-(820)256-1081,bperez@school.edu,2
224,Clarence,Banks,7/26/1985 1:16,216-(374)843-6459,cbanks@school.edu,1
225,Andrew,Ramos,6/6/1985 1:54,86-(750)543-5321,aramos@school.edu,3
226,Sandra,Garza,6/14/1990 12:42,976-(830)133-9181,sgarza@school.edu,4
227,Tina,Bishop,12/27/1988 5:32,34-(908)107-0925,tbishop@school.edu,3
228,Sean,Pierce,10/7/1986 1:13,57-(882)947-1411,spierce@school.edu,4
229,Anna,Palmer,12/31/1983 13:38,62-(610)230-7328,apalmer@school.edu,3
230,Alan,Edwards,9/17/1985 16:35,63-(463)193-0944,aedwards@school.edu,2
231,Beverly,Peterson,4/3/1993 3:04,62-(497)160-5705,bpeterson@school.edu,3
232,Susan,Welch,12/21/1988 20:41,57-(601)755-4748,swelch@school.edu,4
233,Jack,Hayes,2/13/1986 21:48,86-(343)709-8115,jhayes@school.edu,5
234,Deborah,Hughes,11/2/1980 3:07,86-(343)773-5658,dhughes@school.edu,4
235,Kimberly,Thompson,5/22/1995 15:38,420-(205)990-1633,kthompson@school.edu,5
236,Ann,Long,2/5/1997 0:08,48-(290)528-4269,along@school.edu,4
237,Anna,Campbell,1/28/1988 3:31,93-(295)384-8226,acampbell@school.edu,4
238,Matthew,Chapman,12/12/1992 2:23,238-(838)537-9946,mchapman@school.edu,3
239,Antonio,Henry,9/10/1987 9:57,86-(586)419-2766,ahenry@school.edu,4
240,Cheryl,Larson,11/25/1996 12:19,62-(663)884-2838,clarson@school.edu,2
241,Harry,Mills,5/27/1993 5:32,54-(611)338-3066,hmills@school.edu,2
242,Lillian,Rose,6/9/1983 21:10,33-(419)255-4439,lrose@school.edu,3
243,Christina,Hawkins,6/29/1983 22:31,30-(925)173-2414,chawkins@school.edu,4
244,Stephen,Rice,10/1/1982 1:26,33-(863)118-8431,srice@school.edu,2
245,Larry,Powell,2/26/1981 18:09,62-(681)914-2420,lpowell@school.edu,2
246,Julie,Hamilton,11/7/1982 23:53,52-(234)847-3231,jhamilton@school.edu,1
247,Wanda,Wood,6/8/1996 5:11,960-(966)217-5262,wwood@school.edu,1
248,Christina,Graham,4/22/1988 18:28,55-(467)598-6742,cgraham@school.edu,2
249,Pamela,Snyder,11/8/1992 13:42,86-(938)501-1719,psnyder@school.edu,5
250,Emily,Moreno,7/25/1982 17:10,86-(879)904-2449,emoreno@school.edu,4
251,Anne,Ellis,2/7/1987 11:54,62-(191)530-6521,aellis@school.edu,2
252,Irene,Palmer,7/26/1986 18:54,54-(974)943-2335,ipalmer@school.edu,1
253,Annie,Harper,8/13/1990 22:07,53-(519)609-0119,aharper@school.edu,1
254,Julie,Young,6/3/1980 21:13,86-(406)989-4851,jyoung@school.edu,1
255,Marie,Reyes,3/28/1992 1:40,92-(688)149-4634,mreyes@school.edu,2
256,Chris,George,9/23/1991 13:11,86-(917)361-0184,cgeorge@school.edu,2
257,Marilyn,Perry,3/18/1987 2:18,32-(918)966-2764,mperry@school.edu,3
258,Charles,Fisher,8/6/1985 6:35,62-(456)940-2660,cfisher@school.edu,2
259,Bonnie,King,10/24/1988 8:58,86-(494)713-0088,bking@school.edu,5
260,Theresa,Washington,10/12/1981 3:05,1-(818)488-0871,twashington@school.edu,2
261,Irene,Brooks,7/11/1986 2:51,370-(138)740-8898,ibrooks@school.edu,3
262,Kathryn,Armstrong,6/14/1986 11:28,1-(115)165-6468,karmstrong@school.edu,3
263,Eugene,Fox,5/14/1988 4:03,48-(983)435-6750,efox@school.edu,4
264,Carlos,Ortiz,1/28/1981 18:58,86-(440)103-0076,cortiz@school.edu,1
265,Joan,Young,10/27/1990 1:02,7-(424)306-2044,jyoung@school.edu,3
266,Juan,White,8/30/1989 6:49,86-(577)816-6954,jwhite@school.edu,3
267,James,Armstrong,6/1/1991 15:27,33-(442)184-5582,jarmstrong@school.edu,2
268,Clarence,Garcia,10/8/1986 18:46,380-(275)593-0107,cgarcia@school.edu,4
269,Henry,Harrison,1/23/1990 22:01,66-(286)926-6286,hharrison@school.edu,4
270,Jimmy,Hill,2/25/1986 20:59,30-(608)788-6274,jhill@school.edu,3
271,Victor,Jones,9/29/1990 3:01,994-(319)352-6048,vjones@school.edu,3
272,Anthony,Crawford,8/7/1990 17:12,62-(815)811-1543,acrawford@school.edu,2
273,Rose,Hudson,4/23/1988 4:42,52-(937)200-9992,rhudson@school.edu,1
274,Timothy,Payne,1/3/1990 12:52,46-(664)113-8820,tpayne@school.edu,4
275,Joan,Carroll,2/16/1989 17:44,81-(554)948-1572,jcarroll@school.edu,5
276,Jonathan,Hughes,5/23/1981 6:59,47-(187)617-9051,jhughes@school.edu,2
277,Ruby,Weaver,12/9/1990 22:19,48-(122)682-0145,rweaver@school.edu,4
278,Russell,Gardner,1/14/1986 15:36,351-(460)740-3199,rgardner@school.edu,2
279,Norma,Stanley,4/3/1988 20:39,351-(307)621-9978,nstanley@school.edu,5
280,Gloria,Rogers,1/22/1991 23:00,86-(313)776-6961,grogers@school.edu,4
281,Michelle,Murray,12/31/1985 21:54,375-(620)330-0703,mmurray@school.edu,2
282,Louise,Parker,5/27/1980 0:00,86-(208)308-0856,lparker@school.edu,4
283,Sandra,Freeman,4/6/1982 1:24,375-(379)220-6232,sfreeman@school.edu,1
284,Janet,Reynolds,3/12/1984 12:36,62-(298)423-5865,jreynolds@school.edu,2
285,Wayne,Ortiz,9/7/1993 6:43,970-(822)710-5303,wortiz@school.edu,3
286,Bonnie,Watkins,9/8/1992 18:06,357-(155)563-9754,bwatkins@school.edu,4
287,Robin,Campbell,5/13/1985 14:45,359-(350)514-0925,rcampbell@school.edu,4
288,Christopher,Bailey,1/30/1994 17:32,212-(297)740-3961,cbailey@school.edu,4
289,Cynthia,Evans,10/21/1989 9:18,46-(208)324-3100,cevans@school.edu,2
290,Catherine,Henderson,3/16/1997 11:26,86-(595)322-4042,chenderson@school.edu,1
291,Kimberly,Lawson,1/24/1995 4:01,1-(208)348-0688,klawson@school.edu,2
292,Janice,Castillo,1/9/1982 2:15,62-(248)645-3011,jcastillo@school.edu,2
293,Paul,Howell,10/30/1985 1:37,359-(138)100-5496,phowell@school.edu,1
294,Cynthia,Little,1/26/1981 19:11,7-(589)237-5097,clittle@school.edu,1
295,Judith,Payne,6/1/1996 1:20,1-(583)242-0066,jpayne@school.edu,5
296,Kimberly,Jackson,5/22/1993 8:25,420-(641)583-9880,kjackson@school.edu,3
297,Betty,Frazier,3/23/1995 4:17,62-(692)588-9594,bfrazier@school.edu,2
298,Gary,Duncan,10/13/1996 6:18,46-(197)320-5670,gduncan@school.edu,3
299,Debra,Rice,8/6/1991 20:58,86-(616)827-5088,drice@school.edu,2
300,Patrick,Reynolds,1/20/1989 9:10,386-(695)270-5436,preynolds@school.edu,1
301,Dennis,Dixon,12/20/1995 20:43,351-(335)251-7509,ddixon@school.edu,2
302,Shawn,Watkins,1/17/1997 14:16,86-(534)279-0802,swatkins@school.edu,3
303,Gary,Butler,5/26/1995 5:42,33-(760)437-5348,gbutler@school.edu,2
304,Anne,Phillips,8/22/1994 6:51,7-(949)916-1544,aphillips@school.edu,3
305,Beverly,Armstrong,2/10/1997 6:04,504-(748)764-8462,barmstrong@school.edu,4
306,Douglas,Edwards,3/10/1994 23:08,972-(692)540-7401,dedwards@school.edu,3
307,Jennifer,Evans,3/2/1986 15:55,7-(927)443-4838,jevans@school.edu,3
308,Patricia,Ferguson,6/5/1980 0:46,62-(968)482-5165,pferguson@school.edu,4
309,Nicholas,Parker,9/24/1995 8:18,55-(466)835-9248,nparker@school.edu,3
310,Norma,Jacobs,8/19/1995 6:00,62-(456)139-0566,njacobs@school.edu,2
311,Ryan,Simpson,12/9/1982 23:03,86-(709)909-2585,rsimpson@school.edu,4
312,Nicholas,Davis,4/1/1990 9:28,86-(431)802-4040,ndavis@school.edu,4
313,Andrea,Fox,1/13/1980 5:45,1-(138)720-0558,afox@school.edu,3
314,Lois,Cruz,6/18/1996 1:05,54-(908)878-6896,lcruz@school.edu,4
315,Angela,Fox,11/15/1982 22:46,55-(326)481-0184,afox@school.edu,3
316,Michael,Meyer,6/27/1985 11:26,56-(974)369-5138,mmeyer@school.edu,2
317,Jane,Gardner,12/26/1995 22:17,84-(457)247-9740,jgardner@school.edu,1
318,William,Hunt,11/1/1987 0:46,51-(224)552-7431,whunt@school.edu,3
319,Amanda,Tucker,11/11/1983 17:38,351-(422)151-5215,atucker@school.edu,4
320,Douglas,Crawford,4/26/1982 11:42,225-(364)715-0600,dcrawford@school.edu,4
321,Albert,Freeman,3/30/1992 2:13,86-(461)227-3935,afreeman@school.edu,4
322,Benjamin,Robinson,10/7/1986 13:22,62-(745)696-0943,brobinson@school.edu,4
323,James,Davis,7/6/1997 16:08,255-(669)901-9129,jdavis@school.edu,4
324,Craig,Clark,8/4/1990 23:00,62-(513)685-5398,cclark@school.edu,2
325,Amy,Griffin,3/30/1994 21:26,48-(982)235-5676,agriffin@school.edu,3
326,Gregory,Morrison,1/13/1985 12:25,7-(217)858-4662,gmorrison@school.edu,2
327,Kelly,Crawford,5/27/1997 10:22,86-(866)600-8483,kcrawford@school.edu,5
328,Nicholas,Bradley,9/26/1995 0:30,63-(197)434-2939,nbradley@school.edu,2
329,Lois,Adams,3/22/1984 23:15,86-(647)429-3559,ladams@school.edu,4
330,Kathleen,Wells,11/10/1981 12:53,251-(566)536-0388,kwells@school.edu,5
331,Janice,Alexander,7/24/1993 22:52,86-(665)542-0341,jalexander@school.edu,3
332,Lawrence,Moore,1/9/1995 1:10,7-(713)509-4495,lmoore@school.edu,5
333,Mary,Coleman,8/13/1989 22:06,86-(234)404-5520,mcoleman@school.edu,2
334,Lori,Johnston,7/1/1980 18:45,420-(870)547-1567,ljohnston@school.edu,2
335,Steven,Mcdonald,9/27/1997 2:20,976-(636)281-8892,smcdonald@school.edu,2
336,Tina,Price,6/14/1982 18:11,92-(814)192-4766,tprice@school.edu,3
337,Kathy,Bailey,8/15/1983 0:37,62-(697)788-7450,kbailey@school.edu,4
338,Rose,Scott,10/23/1987 16:31,7-(317)283-2509,rscott@school.edu,2
339,Sandra,Harper,3/31/1990 16:56,48-(598)862-0588,sharper@school.edu,3
340,Christopher,Simmons,12/12/1986 4:51,86-(746)149-8962,csimmons@school.edu,2
341,Kathy,Wagner,11/11/1995 13:21,86-(426)547-4963,kwagner@school.edu,4
342,Mark,Gonzalez,8/24/1980 8:28,46-(419)799-8437,mgonzalez@school.edu,2
343,Mary,Rivera,7/1/1995 16:32,86-(229)326-5117,mrivera@school.edu,3
344,Charles,Matthews,6/12/1981 12:08,380-(354)408-1807,cmatthews@school.edu,2
345,Jeremy,Bennett,6/20/1980 13:03,1-(504)897-5229,jbennett@school.edu,4
346,Clarence,Fields,1/27/1989 14:49,63-(303)720-5776,cfields@school.edu,3
347,Randy,Andrews,6/10/1983 16:45,420-(684)122-2917,randrews@school.edu,2
348,Jeremy,Chapman,9/22/1987 16:27,48-(246)211-4075,jchapman@school.edu,1
349,Martin,Diaz,3/11/1982 20:46,62-(904)577-9089,mdiaz@school.edu,3
350,Adam,Welch,6/10/1983 13:29,385-(546)711-3581,awelch@school.edu,2
351,Jennifer,Sanders,2/20/1997 9:09,48-(130)816-6448,jsanders@school.edu,2
352,Keith,Meyer,2/25/1995 1:11,351-(545)540-3300,kmeyer@school.edu,3
353,Phyllis,Armstrong,12/11/1985 6:12,7-(829)882-8262,parmstrong@school.edu,1
354,Wanda,Wells,5/9/1994 5:48,92-(255)743-1667,wwells@school.edu,1
355,Lisa,Jackson,12/7/1984 8:28,86-(162)190-4470,ljackson@school.edu,1
356,Joseph,Snyder,1/21/1996 4:17,353-(547)260-0268,jsnyder@school.edu,2
357,Irene,Hart,5/8/1982 15:45,48-(846)674-3447,ihart@school.edu,2
358,Jeremy,Martin,12/4/1987 11:55,7-(851)491-1499,jmartin@school.edu,4
359,Jessica,Gardner,1/30/1982 13:38,86-(235)348-2525,jgardner@school.edu,1
360,Betty,Butler,1/18/1996 2:46,63-(420)658-7187,bbutler@school.edu,2
361,Nancy,Olson,3/22/1981 21:30,86-(834)568-8924,nolson@school.edu,2
362,Frances,Ferguson,9/13/1988 21:14,54-(790)681-9058,fferguson@school.edu,4
363,Lawrence,Ryan,2/3/1984 2:38,54-(897)710-4290,lryan@school.edu,5
364,Catherine,Larson,8/27/1985 22:59,36-(713)159-3560,clarson@school.edu,1
365,Amanda,Martin,2/9/1990 3:10,86-(510)765-8492,amartin@school.edu,2
366,Rachel,Ford,3/8/1996 20:50,420-(302)852-0596,rford@school.edu,1
367,Jack,Owens,8/3/1997 5:40,62-(318)780-1318,jowens@school.edu,5
368,Harold,Williams,9/6/1990 11:46,30-(587)599-5734,hwilliams@school.edu,4
369,William,Johnson,9/28/1997 4:24,502-(392)539-1920,wjohnson@school.edu,1
370,Wayne,Foster,4/17/1983 13:28,62-(618)277-9486,wfoster@school.edu,3
371,Gary,Wood,8/8/1996 17:32,63-(273)197-8866,gwood@school.edu,3
372,Andrea,Crawford,4/14/1997 21:30,33-(350)131-6026,acrawford@school.edu,1
373,Earl,Reid,6/16/1981 7:52,55-(871)302-4015,ereid@school.edu,1
374,Justin,Reynolds,1/3/1994 12:02,54-(990)361-2054,jreynolds@school.edu,2
375,Larry,Hudson,9/17/1987 6:50,7-(444)937-3888,lhudson@school.edu,3
376,Lori,Bradley,9/23/1993 12:31,62-(471)175-1100,lbradley@school.edu,5
377,Susan,Morris,4/22/1994 5:07,7-(972)388-3824,smorris@school.edu,1
378,Michael,Little,10/30/1992 7:37,33-(680)486-5353,mlittle@school.edu,2
379,Cheryl,Ray,6/30/1990 0:22,1-(792)431-4444,cray@school.edu,4
380,Alice,Sims,7/11/1980 13:12,51-(919)984-7121,asims@school.edu,4
381,Phillip,Perkins,4/30/1986 14:35,66-(206)341-6335,pperkins@school.edu,5
382,Maria,Franklin,1/5/1983 1:16,1-(435)343-8705,mfranklin@school.edu,3
383,Philip,Jackson,12/2/1997 21:09,86-(465)246-2474,pjackson@school.edu,5
384,Aaron,Henry,8/10/1985 7:16,48-(455)687-8722,ahenry@school.edu,3
385,Steven,Morales,8/17/1993 0:58,7-(462)752-4923,smorales@school.edu,2
386,Stephanie,Greene,5/29/1981 13:33,7-(481)881-9931,sgreene@school.edu,2
387,Julie,Ortiz,9/19/1980 10:05,33-(266)602-2125,jortiz@school.edu,1
388,Ruth,Lopez,4/1/1982 10:01,63-(664)184-2842,rlopez@school.edu,4
389,Rachel,Daniels,5/10/1989 19:45,86-(278)715-3319,rdaniels@school.edu,2
390,Brian,Riley,3/8/1986 14:35,420-(304)403-1170,briley@school.edu,5
391,Kimberly,Graham,8/23/1988 11:42,86-(279)571-9604,kgraham@school.edu,3
392,Carolyn,Simmons,11/30/1987 11:46,381-(594)554-6503,csimmons@school.edu,4
393,Eric,Jordan,12/21/1989 20:51,66-(525)926-2264,ejordan@school.edu,4
394,Lisa,Lane,6/19/1981 8:58,36-(468)866-7194,llane@school.edu,4
395,Andrew,Fisher,1/6/1996 7:15,7-(930)618-5676,afisher@school.edu,2
396,Phillip,Jordan,8/27/1995 15:03,86-(911)685-5987,pjordan@school.edu,2
397,Lois,Ramirez,5/24/1990 20:47,27-(105)835-1229,lramirez@school.edu,5
398,Terry,Murray,4/30/1991 11:55,7-(627)138-5494,tmurray@school.edu,3
399,Pamela,Murray,6/22/1994 10:25,63-(485)916-6517,pmurray@school.edu,1
400,Raymond,Bowman,4/28/1983 0:48,62-(446)671-5940,rbowman@school.edu,1
401,Anna,James,6/6/1984 13:40,86-(950)895-6793,ajames@school.edu,2
402,Ralph,Morris,12/8/1982 14:58,7-(699)625-4790,rmorris@school.edu,3
403,Carl,Gutierrez,8/11/1994 15:35,86-(865)130-1430,cgutierrez@school.edu,3
404,Steve,Taylor,2/21/1990 22:24,963-(393)273-6971,staylor@school.edu,2
405,Timothy,Bailey,5/14/1989 18:37,591-(434)589-6589,tbailey@school.edu,4
406,Rebecca,White,9/30/1984 14:52,86-(862)566-5821,rwhite@school.edu,4
407,Bobby,Patterson,6/10/1989 11:08,81-(651)401-4620,bpatterson@school.edu,4
408,Betty,Holmes,8/26/1987 18:43,63-(601)272-9226,bholmes@school.edu,3
409,Howard,Shaw,5/18/1982 20:41,55-(570)887-3604,hshaw@school.edu,3
410,Benjamin,Kelly,5/11/1981 2:39,380-(580)621-6172,bkelly@school.edu,2
411,Dennis,Long,3/2/1995 13:45,62-(833)944-6275,dlong@school.edu,4
412,Norma,Mason,7/26/1990 13:49,355-(897)152-3523,nmason@school.edu,4
413,Kimberly,Rodriguez,8/8/1993 21:08,62-(643)466-3282,krodriguez@school.edu,2
414,Todd,Boyd,8/4/1996 1:51,380-(377)575-6939,tboyd@school.edu,5
415,Gloria,Garrett,6/26/1984 23:07,7-(616)671-4861,ggarrett@school.edu,3
416,Johnny,Willis,5/26/1987 12:43,54-(264)531-5483,jwillis@school.edu,5
417,Rachel,Carter,5/10/1992 10:46,380-(898)178-0768,rcarter@school.edu,5
418,Bonnie,Arnold,3/27/1989 2:09,54-(293)575-3957,barnold@school.edu,2
419,Karen,Jackson,3/30/1984 15:26,33-(844)342-9263,kjackson@school.edu,2
420,Joyce,Cole,10/3/1997 13:20,507-(653)511-3271,jcole@school.edu,2
421,Aaron,Foster,7/27/1993 20:00,62-(274)960-5766,afoster@school.edu,5
422,Janet,Cruz,7/4/1988 12:00,86-(896)577-8309,jcruz@school.edu,4
423,Christopher,Richards,12/21/1982 2:56,1-(330)186-0968,crichards@school.edu,5
424,Anna,Johnson,8/10/1982 3:40,62-(951)230-7391,ajohnson@school.edu,3
425,John,Johnston,11/16/1992 18:48,7-(396)474-3961,jjohnston@school.edu,3
426,Chris,Mitchell,12/26/1991 14:05,62-(701)972-2021,cmitchell@school.edu,1
427,Fred,Richards,6/13/1985 2:53,352-(933)134-5253,frichards@school.edu,4
428,Ryan,Dean,2/1/1986 16:59,351-(540)487-2884,rdean@school.edu,4
429,Chris,Watkins,10/26/1993 10:19,380-(834)719-5780,cwatkins@school.edu,4
430,Ruth,Johnson,5/24/1987 20:12,420-(865)172-8685,rjohnson@school.edu,4
431,Willie,Graham,5/19/1995 7:19,27-(747)576-8907,wgraham@school.edu,4
432,Harold,Ruiz,7/19/1986 22:33,351-(224)888-0346,hruiz@school.edu,3
433,Susan,Owens,5/26/1986 7:46,33-(927)459-0815,sowens@school.edu,1
434,Johnny,Banks,10/21/1992 10:32,86-(344)904-4851,jbanks@school.edu,1
435,Billy,Clark,4/27/1987 13:07,86-(566)578-3273,bclark@school.edu,5
436,Andrew,Gordon,3/7/1989 1:50,234-(578)781-4758,agordon@school.edu,3
437,Carl,Miller,1/28/1986 6:54,86-(188)247-2881,cmiller@school.edu,3
438,Kenneth,Coleman,11/15/1995 7:35,62-(232)199-1064,kcoleman@school.edu,2
439,Donna,Stone,4/22/1985 1:44,358-(458)219-5505,dstone@school.edu,3
440,Steven,Gutierrez,5/17/1981 23:31,351-(697)243-8058,sgutierrez@school.edu,5
441,Lois,Dixon,2/19/1994 18:03,43-(453)430-6974,ldixon@school.edu,4
442,Robin,Ruiz,2/4/1997 13:00,358-(956)461-9087,rruiz@school.edu,4
443,Arthur,Hanson,6/12/1995 15:55,386-(930)221-5895,ahanson@school.edu,3
444,Ann,Gardner,2/7/1990 18:31,995-(256)684-9090,agardner@school.edu,4
445,Jimmy,Smith,7/12/1991 3:21,86-(354)773-3740,jsmith@school.edu,2
446,Lillian,Harris,3/25/1983 16:00,56-(935)629-7456,lharris@school.edu,4
447,Keith,Cruz,5/13/1996 15:23,92-(766)823-1022,kcruz@school.edu,3
448,Kelly,Nguyen,11/29/1981 3:59,252-(708)267-0545,knguyen@school.edu,1
449,Joe,Richards,2/18/1985 4:08,61-(183)550-2157,jrichards@school.edu,4
450,Harry,Morales,11/14/1995 19:41,62-(844)376-4289,hmorales@school.edu,2
451,Fred,Moore,2/6/1996 21:26,52-(436)492-9210,fmoore@school.edu,2
452,Mark,Roberts,9/22/1985 14:06,47-(122)728-4348,mroberts@school.edu,3
453,Ann,Stone,8/16/1995 15:09,1-(806)723-2759,astone@school.edu,2
454,David,Brown,8/25/1992 6:42,62-(300)420-1469,dbrown@school.edu,3
455,Larry,Berry,9/9/1996 0:42,972-(264)245-1191,lberry@school.edu,2
456,Ryan,Stevens,3/31/1996 20:15,351-(380)973-7403,rstevens@school.edu,1
457,Keith,Phillips,4/12/1994 1:00,44-(405)541-6420,kphillips@school.edu,2
458,Richard,Jones,5/15/1997 20:18,60-(309)396-4716,rjones@school.edu,5
459,Irene,Snyder,9/12/1996 0:53,33-(587)358-5166,isnyder@school.edu,4
460,Justin,Russell,11/11/1996 7:22,62-(445)511-1638,jrussell@school.edu,4
461,Margaret,Burton,2/28/1980 8:47,880-(286)669-5465,mburton@school.edu,3
462,George,Kim,1/17/1986 11:39,86-(391)714-0790,gkim@school.edu,1
463,Russell,Davis,2/24/1997 19:38,63-(925)998-3033,rdavis@school.edu,1
464,Gary,Rodriguez,12/5/1990 5:23,1-(512)949-9889,grodriguez@school.edu,5
465,Antonio,Weaver,6/6/1980 19:18,63-(961)277-8752,aweaver@school.edu,4
466,Bobby,Ray,3/20/1994 20:23,92-(771)733-7006,bray@school.edu,5
467,Janice,Reyes,2/14/1993 18:20,962-(489)830-2554,jreyes@school.edu,2
468,Ryan,Crawford,9/20/1981 2:56,994-(618)932-1229,rcrawford@school.edu,3
469,Kimberly,Green,2/3/1995 5:06,63-(497)537-3443,kgreen@school.edu,2
470,Charles,Hansen,4/3/1989 22:48,62-(770)577-5587,chansen@school.edu,5
471,Teresa,Bailey,12/4/1992 7:27,62-(212)266-9115,tbailey@school.edu,4
472,Douglas,Alvarez,7/1/1981 22:36,58-(966)423-4843,dalvarez@school.edu,2
473,Thomas,Allen,12/26/1994 9:01,7-(524)560-9486,tallen@school.edu,5
474,David,Coleman,5/9/1993 23:44,62-(481)901-6560,dcoleman@school.edu,1
475,Benjamin,Brooks,3/26/1994 13:06,976-(169)509-5664,bbrooks@school.edu,3
476,Paul,Ryan,10/2/1985 8:19,351-(821)289-3619,pryan@school.edu,3
477,Kelly,Larson,10/14/1987 2:06,46-(584)683-6865,klarson@school.edu,3
478,Louise,Jackson,4/8/1990 2:59,261-(864)672-6138,ljackson@school.edu,3
479,Ruth,Baker,10/18/1995 2:13,7-(137)212-1709,rbaker@school.edu,2
480,Margaret,Marshall,2/9/1993 1:03,33-(290)710-5651,mmarshall@school.edu,5
481,Keith,Carroll,11/15/1982 19:17,598-(856)319-5820,kcarroll@school.edu,4
482,Shirley,Wright,8/22/1985 1:21,251-(134)522-3595,swright@school.edu,5
483,Betty,Morales,9/4/1985 11:57,62-(751)583-3189,bmorales@school.edu,4
484,Justin,Carpenter,3/24/1983 15:19,62-(858)567-2823,jcarpenter@school.edu,4
485,Kevin,Dean,2/10/1996 0:34,55-(172)327-4386,kdean@school.edu,3
486,Maria,Rose,2/20/1995 6:55,48-(534)378-5984,mrose@school.edu,2
487,Douglas,Dixon,4/27/1997 16:04,967-(303)710-6904,ddixon@school.edu,2
488,Joe,Turner,7/18/1995 12:01,351-(992)170-0881,jturner@school.edu,4
489,Carolyn,Cox,2/27/1990 23:00,63-(920)487-8969,ccox@school.edu,2
490,William,Smith,1/15/1985 8:08,7-(873)739-5306,wsmith@school.edu,4
491,Dennis,Boyd,12/22/1982 15:56,503-(439)722-7909,dboyd@school.edu,3
492,Martha,Reid,1/26/1982 11:23,506-(165)796-4091,mreid@school.edu,5
493,Andrew,Green,1/23/1996 18:23,81-(113)228-6423,agreen@school.edu,2
494,Jason,Russell,4/9/1996 14:18,62-(134)127-6295,jrussell@school.edu,2
495,Catherine,Reynolds,11/26/1997 18:42,977-(131)831-5011,creynolds@school.edu,4
496,Jason,Cook,7/29/1995 9:01,53-(853)362-1685,jcook@school.edu,4
497,Scott,Carpenter,4/15/1992 1:11,57-(895)558-6418,scarpenter@school.edu,2
498,Judy,Harvey,2/14/1990 4:14,86-(140)874-9844,jharvey@school.edu,2
499,Janice,Burton,8/29/1980 13:32,7-(559)843-3233,jburton@school.edu,5
500,Theresa,Harrison,9/27/1991 21:31,57-(104)325-2930,tharrison@school.edu,3
501,Jonathan,Young,3/16/1981 17:12,1-(352)728-0821,jyoung@school.edu,2
502,Judith,Lawrence,1/25/1997 13:33,62-(410)929-8106,jlawrence@school.edu,3
503,Cynthia,Walker,6/19/1987 17:50,55-(118)196-7661,cwalker@school.edu,5
504,Rose,George,11/10/1994 1:18,54-(558)942-2796,rgeorge@school.edu,4
505,Henry,Hill,6/21/1997 12:41,86-(983)299-0407,hhill@school.edu,3
506,Kevin,Ortiz,8/24/1996 11:15,7-(237)830-4391,kortiz@school.edu,3
507,Eric,Griffin,11/24/1992 0:43,218-(508)906-4113,egriffin@school.edu,5
508,Elizabeth,Cole,4/24/1981 11:59,62-(666)958-1956,ecole@school.edu,5
509,Dennis,Kelly,4/28/1987 6:44,33-(127)293-4871,dkelly@school.edu,3
510,Donna,Ramos,10/10/1986 22:38,92-(753)352-5763,dramos@school.edu,4
511,Kimberly,Tucker,4/24/1986 7:09,86-(471)278-8939,ktucker@school.edu,1
512,Harry,Lawrence,11/21/1992 2:44,7-(668)304-0505,hlawrence@school.edu,2
513,Jose,Franklin,10/7/1982 8:07,86-(190)972-8432,jfranklin@school.edu,2
514,Teresa,Mills,2/27/1996 18:04,33-(395)503-2456,tmills@school.edu,4
515,Thomas,George,3/21/1996 6:08,355-(450)846-4123,tgeorge@school.edu,4
516,Kathleen,Wells,11/2/1988 3:48,996-(129)901-0067,kwells@school.edu,3
517,Jonathan,Gutierrez,1/12/1988 3:03,33-(881)804-6062,jgutierrez@school.edu,1
518,Anne,Lawrence,8/9/1982 23:34,1-(707)529-0251,alawrence@school.edu,4
519,Jeffrey,Gordon,8/11/1995 14:20,86-(239)470-2348,jgordon@school.edu,2
520,Laura,Russell,10/11/1982 23:50,598-(850)828-7575,lrussell@school.edu,2
521,Peter,Mason,12/25/1983 20:36,52-(559)826-1544,pmason@school.edu,2
522,Jose,Williams,8/9/1995 13:08,371-(600)703-7032,jwilliams@school.edu,3
523,Lawrence,Cruz,7/12/1997 1:53,380-(580)181-4023,lcruz@school.edu,1
524,Alice,Reid,3/8/1987 11:47,7-(795)149-3456,areid@school.edu,4
525,Aaron,Romero,5/13/1981 22:40,66-(610)433-3701,aromero@school.edu,3
526,Virginia,Williams,11/17/1987 14:32,54-(259)579-6331,vwilliams@school.edu,1
527,Doris,Jackson,5/25/1987 20:22,353-(436)155-5404,djackson@school.edu,1
528,Antonio,Medina,5/3/1985 3:03,992-(538)499-7071,amedina@school.edu,5
529,Janet,Hernandez,7/6/1981 3:45,62-(535)664-1060,jhernandez@school.edu,4
530,Randy,Mitchell,10/6/1995 16:32,86-(736)623-8036,rmitchell@school.edu,5
531,Diana,Roberts,1/9/1991 13:44,46-(972)681-6432,droberts@school.edu,4
532,George,Mills,5/14/1994 22:43,60-(246)349-8248,gmills@school.edu,4
533,Jason,Diaz,10/13/1994 0:57,55-(993)777-5992,jdiaz@school.edu,1
534,Helen,Reid,11/28/1990 1:57,63-(543)647-2366,hreid@school.edu,5
535,Laura,Campbell,11/30/1984 15:04,62-(357)219-4540,lcampbell@school.edu,5
536,Judith,Gonzales,11/1/1990 7:41,62-(581)302-7566,jgonzales@school.edu,1
537,Linda,Berry,4/21/1988 4:23,7-(723)714-4955,lberry@school.edu,2
538,Paul,Harper,1/31/1995 3:44,62-(548)199-7264,pharper@school.edu,3
539,Nancy,Knight,8/20/1988 4:52,62-(933)996-4191,nknight@school.edu,2
540,Louis,Perkins,9/10/1995 17:10,58-(673)254-3494,lperkins@school.edu,4
541,Judith,Gonzalez,8/4/1983 9:05,352-(904)326-9294,jgonzalez@school.edu,2
542,Ann,Sims,3/30/1985 13:38,375-(240)213-3838,asims@school.edu,5
543,Tina,Hansen,4/16/1988 17:47,880-(301)126-7603,thansen@school.edu,3
544,Catherine,Gardner,2/24/1982 4:02,86-(635)976-8769,cgardner@school.edu,3
545,Irene,Franklin,1/16/1986 0:00,86-(432)717-9439,ifranklin@school.edu,3
546,Timothy,Duncan,6/8/1989 3:21,84-(937)780-2294,tduncan@school.edu,4
547,Diane,Gonzalez,8/7/1980 3:16,380-(907)944-8342,dgonzalez@school.edu,3
548,Frances,Gray,6/27/1982 21:57,385-(384)148-1470,fgray@school.edu,1
549,Jason,Chapman,2/20/1994 19:07,968-(425)745-4437,jchapman@school.edu,3
550,Jesse,Armstrong,4/1/1997 20:57,86-(204)746-5269,jarmstrong@school.edu,2
551,Craig,Washington,1/25/1990 0:25,994-(526)120-3232,cwashington@school.edu,3
552,David,Rice,11/3/1986 3:06,81-(637)553-6624,drice@school.edu,3
553,Denise,Rodriguez,2/12/1980 20:15,46-(671)303-5754,drodriguez@school.edu,4
554,Susan,Allen,7/28/1995 10:15,60-(602)954-4725,sallen@school.edu,5
555,Todd,Garrett,9/14/1993 12:33,53-(589)111-7674,tgarrett@school.edu,3
556,Gary,Fuller,11/12/1991 8:04,27-(694)425-4965,gfuller@school.edu,3
557,Ann,Shaw,12/11/1985 3:01,86-(134)825-3128,ashaw@school.edu,4
558,Irene,Olson,5/13/1997 16:35,86-(108)158-5902,iolson@school.edu,2
559,Ann,Green,4/8/1983 9:50,81-(374)521-0875,agreen@school.edu,3
560,Susan,Stone,12/21/1990 2:40,62-(170)308-9188,sstone@school.edu,2
561,Teresa,Wood,7/20/1991 6:49,353-(513)318-8181,twood@school.edu,1
562,Eugene,Harper,5/16/1989 14:26,381-(376)999-4847,eharper@school.edu,5
563,Robin,Reid,9/15/1990 5:55,46-(964)478-8508,rreid@school.edu,4
564,Lisa,Wheeler,1/25/1990 9:39,62-(308)496-4126,lwheeler@school.edu,3
565,Patricia,King,4/17/1989 9:16,358-(693)667-4156,pking@school.edu,4
566,Johnny,Edwards,5/15/1984 11:48,86-(999)103-9132,jedwards@school.edu,1
567,Bonnie,Kelly,1/20/1988 18:02,33-(618)237-3000,bkelly@school.edu,2
568,Michelle,Stewart,10/26/1994 19:14,63-(453)602-5504,mstewart@school.edu,3
569,Dennis,Rivera,4/30/1994 6:09,63-(169)285-0503,drivera@school.edu,4
570,Antonio,Grant,12/10/1985 20:29,62-(962)918-4008,agrant@school.edu,4
571,Evelyn,Andrews,7/13/1981 5:11,264-(210)124-8493,eandrews@school.edu,4
572,Jonathan,Palmer,3/28/1996 6:36,63-(130)241-4477,jpalmer@school.edu,2
573,Emily,Hunt,8/12/1986 3:03,58-(483)327-2947,ehunt@school.edu,2
574,Kenneth,Dixon,2/18/1995 19:43,967-(651)483-8551,kdixon@school.edu,5
575,Ashley,Sanders,5/28/1993 11:10,49-(258)359-9147,asanders@school.edu,2
576,Ryan,Crawford,8/20/1983 22:13,992-(302)730-2843,rcrawford@school.edu,2
577,Nancy,Little,11/15/1997 5:04,55-(420)708-4535,nlittle@school.edu,3
578,Emily,Perry,2/7/1984 23:27,47-(780)335-8730,eperry@school.edu,2
579,Larry,Webb,1/8/1991 11:22,55-(756)121-6457,lwebb@school.edu,3
580,Sara,Martin,10/12/1988 0:51,373-(149)345-0152,smartin@school.edu,2
581,Frank,Alexander,3/6/1988 10:42,33-(223)295-0394,falexander@school.edu,1
582,Paula,Dean,3/4/1990 16:37,351-(450)811-9926,pdean@school.edu,5
583,Joe,Green,8/8/1983 18:23,86-(420)952-3995,jgreen@school.edu,2
584,Michelle,Graham,6/10/1991 11:27,86-(972)814-5044,mgraham@school.edu,4
585,Anthony,Martin,1/31/1992 19:14,7-(850)691-3882,amartin@school.edu,1
586,Tina,Baker,5/7/1983 5:37,33-(557)209-1962,tbaker@school.edu,5
587,Amanda,Walker,5/13/1983 9:59,353-(991)318-3358,awalker@school.edu,3
588,Heather,White,8/13/1984 5:41,86-(580)811-9455,hwhite@school.edu,4
589,Jimmy,Robertson,6/30/1995 20:41,358-(118)997-7853,jrobertson@school.edu,3
590,Michelle,Myers,9/16/1983 1:25,7-(755)595-2413,mmyers@school.edu,4
591,Wanda,Adams,10/7/1980 23:45,30-(864)693-1613,wadams@school.edu,4
592,Chris,Crawford,12/20/1994 6:44,46-(338)823-4969,ccrawford@school.edu,3
593,Tammy,Gilbert,10/10/1995 14:16,351-(816)690-1492,tgilbert@school.edu,3
594,Aaron,Bryant,3/9/1985 10:27,62-(925)487-1385,abryant@school.edu,1
595,Christopher,Hanson,12/1/1986 16:18,880-(823)350-5349,chanson@school.edu,3
596,Lois,Reid,6/22/1992 0:47,63-(781)906-6763,lreid@school.edu,4
597,Harold,Rose,11/27/1995 8:09,58-(358)235-5610,hrose@school.edu,2
598,Earl,Richardson,8/22/1981 21:36,63-(565)606-0032,erichardson@school.edu,2
599,Michelle,Lee,9/12/1983 23:06,46-(777)538-2176,mlee@school.edu,2
600,Jacqueline,Nguyen,11/26/1983 3:52,234-(525)135-0532,jnguyen@school.edu,1
601,Lori,Fernandez,5/31/1993 3:49,355-(980)541-1852,lfernandez@school.edu,4
602,Anthony,Day,7/13/1984 7:34,49-(814)982-3321,aday@school.edu,3
603,David,Tucker,2/10/1993 2:19,54-(815)985-7787,dtucker@school.edu,3
604,Donna,Austin,5/5/1983 9:49,7-(382)766-4678,daustin@school.edu,3
605,Shirley,Bailey,8/29/1984 12:10,359-(693)148-9842,sbailey@school.edu,4
606,Carolyn,Knight,1/19/1988 3:40,86-(415)525-8253,cknight@school.edu,2
607,Joshua,Myers,4/14/1993 14:46,62-(524)713-7600,jmyers@school.edu,1
608,Scott,Ferguson,9/8/1983 11:50,63-(101)986-1234,sferguson@school.edu,2
609,Jean,Jackson,8/7/1992 11:14,57-(888)406-9731,jjackson@school.edu,4
610,Ralph,Edwards,7/28/1994 4:07,7-(574)478-4974,redwards@school.edu,3
611,Billy,Ruiz,5/2/1980 15:00,389-(714)839-1064,bruiz@school.edu,2
612,Larry,Shaw,3/29/1996 4:36,212-(913)929-6910,lshaw@school.edu,3
613,Earl,Wagner,11/27/1988 3:28,62-(565)793-7543,ewagner@school.edu,2
614,Larry,Scott,5/4/1980 14:38,86-(214)460-9134,lscott@school.edu,2
615,Pamela,Arnold,12/9/1987 13:29,33-(486)187-0377,parnold@school.edu,3
616,Jack,White,4/1/1981 12:23,81-(443)960-5597,jwhite@school.edu,2
617,Bonnie,Brooks,2/18/1987 17:53,47-(816)740-6270,bbrooks@school.edu,5
618,Kathleen,Henderson,10/27/1988 4:54,420-(130)964-8980,khenderson@school.edu,1
619,Teresa,Hicks,3/16/1985 7:38,55-(683)469-9041,thicks@school.edu,5
620,Cheryl,Nichols,9/18/1989 3:12,55-(119)568-0712,cnichols@school.edu,1
621,Henry,Richards,6/21/1990 18:47,351-(517)777-3197,hrichards@school.edu,4
622,Margaret,Simpson,6/24/1986 1:24,1-(376)733-8754,msimpson@school.edu,2
623,Antonio,Wood,7/23/1984 16:29,268-(309)983-2542,awood@school.edu,4
624,Raymond,Nichols,10/6/1985 3:43,380-(563)492-2934,rnichols@school.edu,2
625,Nicholas,Lynch,12/21/1985 3:40,63-(693)361-0131,nlynch@school.edu,4
626,Antonio,Simpson,9/17/1985 19:30,86-(624)513-0868,asimpson@school.edu,4
627,Willie,Miller,4/26/1983 15:57,63-(724)952-6379,wmiller@school.edu,3
628,Douglas,Fields,11/26/1990 11:59,218-(740)219-4957,dfields@school.edu,3
629,Todd,Watson,5/7/1984 20:58,225-(550)930-9633,twatson@school.edu,1
630,Christopher,Williams,10/6/1982 13:10,7-(534)212-4311,cwilliams@school.edu,2
631,Virginia,Hart,11/16/1995 3:31,265-(598)440-0006,vhart@school.edu,1
632,Douglas,Wallace,12/14/1990 10:10,86-(990)874-7745,dwallace@school.edu,3
633,Frances,Snyder,7/11/1985 8:34,62-(761)665-4320,fsnyder@school.edu,3
634,Louis,Spencer,4/27/1988 5:52,351-(781)159-6722,lspencer@school.edu,3
635,Martha,Garza,11/26/1983 3:56,46-(863)927-4201,mgarza@school.edu,2
636,Louis,Anderson,11/20/1992 6:38,380-(134)217-6342,landerson@school.edu,2
637,Martin,Diaz,7/21/1997 2:15,351-(521)604-8318,mdiaz@school.edu,4
638,Louis,Snyder,5/5/1987 20:29,380-(259)111-1161,lsnyder@school.edu,1
639,Ruth,Jones,6/27/1986 19:19,62-(366)798-7084,rjones@school.edu,2
640,Eric,Romero,9/27/1996 15:53,238-(102)944-4029,eromero@school.edu,3
641,Lillian,Turner,11/13/1980 5:45,86-(165)983-9824,lturner@school.edu,2
642,Jessica,Johnston,1/6/1980 19:43,7-(960)868-3567,jjohnston@school.edu,4
643,Rebecca,Mitchell,8/25/1989 17:11,234-(596)755-7407,rmitchell@school.edu,1
644,Jack,Graham,5/23/1993 22:37,63-(923)460-8163,jgraham@school.edu,1
645,Louis,Gordon,10/14/1992 2:08,353-(796)622-0203,lgordon@school.edu,4
646,Philip,Berry,8/4/1986 14:26,7-(551)615-3088,pberry@school.edu,4
647,Donna,Watkins,11/13/1994 4:32,972-(146)556-6066,dwatkins@school.edu,5
648,Teresa,Cox,7/7/1982 17:27,266-(579)381-2111,tcox@school.edu,1
649,Angela,Dixon,5/21/1990 22:15,27-(935)986-5359,adixon@school.edu,4
650,Jessica,Robertson,4/6/1983 14:49,62-(412)552-0863,jrobertson@school.edu,4
651,Richard,Boyd,1/17/1995 10:05,48-(561)510-2188,rboyd@school.edu,1
652,Rachel,Moore,5/18/1989 22:09,62-(499)362-2995,rmoore@school.edu,3
653,Sara,Hanson,5/31/1980 16:47,506-(379)123-3499,shanson@school.edu,2
654,Betty,Myers,8/20/1995 11:02,86-(442)489-9301,bmyers@school.edu,3
655,Evelyn,Evans,6/24/1981 3:24,62-(199)958-1917,eevans@school.edu,3
656,Janet,Perez,12/28/1994 12:26,81-(304)495-8049,jperez@school.edu,4
657,Rose,Martinez,2/15/1983 2:34,380-(789)269-2635,rmartinez@school.edu,3
658,Rachel,Garrett,11/7/1980 10:32,62-(160)452-9353,rgarrett@school.edu,4
659,Diane,Tucker,10/21/1990 4:33,86-(862)972-6459,dtucker@school.edu,2
660,Howard,Simpson,3/3/1991 23:17,595-(197)368-4081,hsimpson@school.edu,2
661,Daniel,Owens,6/24/1992 9:26,86-(816)161-9347,dowens@school.edu,3
662,Jean,Gilbert,1/31/1997 6:03,420-(872)126-0782,jgilbert@school.edu,4
663,Nicholas,Greene,8/13/1995 4:26,374-(960)237-7215,ngreene@school.edu,4
664,Ralph,Taylor,8/4/1993 4:43,670-(916)913-2473,rtaylor@school.edu,2
665,Julia,Bishop,9/15/1984 2:23,86-(154)296-0867,jbishop@school.edu,3
666,Joan,Cooper,7/3/1993 22:09,34-(790)843-2145,jcooper@school.edu,2
667,Dennis,Morrison,10/22/1982 15:37,86-(644)660-2726,dmorrison@school.edu,3
668,Johnny,Garza,8/27/1996 21:08,62-(810)504-4883,jgarza@school.edu,4
669,Mark,Spencer,10/8/1991 7:16,63-(608)643-1344,mspencer@school.edu,3
670,Andrew,Hill,1/25/1995 7:18,62-(891)786-7161,ahill@school.edu,2
671,Dorothy,Garcia,7/26/1981 15:18,86-(898)277-6761,dgarcia@school.edu,4
672,Denise,Barnes,1/16/1989 18:06,82-(445)617-4996,dbarnes@school.edu,2
673,Harry,Alexander,7/17/1980 3:48,86-(470)595-1718,halexander@school.edu,5
674,Antonio,Fields,11/6/1993 4:42,1-(405)153-0284,afields@school.edu,4
675,Juan,Weaver,4/23/1991 3:55,970-(413)322-1836,jweaver@school.edu,2
676,William,Reynolds,7/13/1983 5:21,351-(284)112-8931,wreynolds@school.edu,4
677,Cynthia,Campbell,3/8/1994 15:58,383-(289)565-6967,ccampbell@school.edu,2
678,Roy,Stevens,2/27/1992 20:27,503-(134)303-4472,rstevens@school.edu,2
679,Ruby,Chapman,1/6/1983 23:43,351-(304)670-3152,rchapman@school.edu,2
680,Lois,Boyd,7/3/1983 17:18,31-(934)946-7303,lboyd@school.edu,2
681,Gerald,Shaw,5/21/1992 2:36,39-(379)460-9041,gshaw@school.edu,5
682,Paul,Harvey,2/20/1985 1:13,48-(962)589-5405,pharvey@school.edu,2
683,Jeffrey,Alvarez,11/21/1992 20:43,81-(139)617-1687,jalvarez@school.edu,4
684,Christine,Sullivan,12/12/1981 19:36,86-(402)976-1892,csullivan@school.edu,4
685,Stephanie,Carr,1/23/1981 3:06,86-(531)679-4898,scarr@school.edu,2
686,Ruth,Henry,12/19/1986 3:36,33-(202)529-0607,rhenry@school.edu,4
687,Gloria,Fisher,2/17/1997 22:14,591-(769)690-0799,gfisher@school.edu,3
688,Denise,Cooper,3/27/1991 10:52,7-(553)838-4701,dcooper@school.edu,4
689,Diane,Vasquez,5/13/1990 9:35,82-(536)100-4954,dvasquez@school.edu,3
690,Aaron,Gutierrez,8/22/1984 6:11,33-(854)198-2076,agutierrez@school.edu,3
691,Harry,Alexander,2/23/1981 19:38,86-(607)252-8705,halexander@school.edu,4
692,Donna,Hill,10/10/1985 23:35,51-(216)858-7854,dhill@school.edu,2
693,Sean,Kelly,11/21/1990 4:18,7-(542)626-3623,skelly@school.edu,3
694,Ralph,Davis,4/25/1984 19:56,51-(271)824-5964,rdavis@school.edu,5
695,Laura,Peterson,3/6/1986 11:29,48-(618)103-1576,lpeterson@school.edu,1
696,Maria,Boyd,6/1/1986 11:35,86-(366)160-9426,mboyd@school.edu,4
697,Melissa,Snyder,11/22/1991 13:19,55-(205)496-7217,msnyder@school.edu,2
698,Debra,King,1/26/1981 19:34,63-(751)271-7992,dking@school.edu,5
699,Shawn,Kelley,7/14/1991 18:08,86-(627)403-5039,skelley@school.edu,3
700,Maria,Bryant,4/19/1992 6:30,81-(240)807-4809,mbryant@school.edu,2
701,Peter,Edwards,2/23/1997 0:03,62-(143)440-7015,pedwards@school.edu,4
702,Joshua,Knight,1/2/1981 14:01,1-(585)681-5201,jknight@school.edu,5
703,Keith,Arnold,6/4/1981 22:36,86-(169)143-6610,karnold@school.edu,4
704,Brandon,Barnes,8/8/1993 0:21,84-(285)579-5077,bbarnes@school.edu,4
705,Margaret,Cunningham,1/26/1992 6:52,47-(841)104-7565,mcunningham@school.edu,3
706,Fred,Mccoy,7/18/1991 8:20,30-(667)466-2157,fmccoy@school.edu,4
707,Emily,Shaw,2/16/1983 6:04,975-(153)205-9940,eshaw@school.edu,4
708,Nicole,Morales,6/26/1989 13:04,63-(878)514-6091,nmorales@school.edu,1
709,Rose,Mccoy,7/25/1980 6:41,61-(730)469-3841,rmccoy@school.edu,3
710,Johnny,Pierce,8/11/1981 8:39,872-(230)614-0961,jpierce@school.edu,2
711,Mark,Ray,6/10/1981 2:11,62-(541)939-3646,mray@school.edu,4
712,Brenda,Stephens,1/5/1990 21:28,86-(785)173-4580,bstephens@school.edu,4
713,Mildred,Butler,5/8/1992 0:20,420-(523)652-4356,mbutler@school.edu,3
714,Norma,Morrison,1/10/1994 5:50,48-(940)784-7190,nmorrison@school.edu,3
715,Billy,Turner,3/31/1983 7:22,86-(707)489-1045,bturner@school.edu,2
716,Johnny,Weaver,2/6/1985 10:30,62-(566)647-2644,jweaver@school.edu,2
717,Carl,Roberts,9/21/1983 0:11,63-(531)371-7494,croberts@school.edu,4
718,George,Wells,1/8/1984 3:37,389-(775)256-2389,gwells@school.edu,4
719,Billy,Morales,12/9/1990 5:02,55-(894)339-3043,bmorales@school.edu,2
720,Jimmy,Jacobs,4/12/1986 19:51,63-(103)326-4759,jjacobs@school.edu,2
721,Maria,Castillo,12/1/1986 18:30,7-(221)926-8990,mcastillo@school.edu,4
722,Henry,Hawkins,12/6/1988 13:39,57-(861)139-7920,hhawkins@school.edu,2
723,Terry,Mason,7/24/1986 2:26,351-(276)521-8108,tmason@school.edu,2
724,Sharon,Webb,5/23/1993 6:45,234-(133)181-8429,swebb@school.edu,2
725,Janet,Vasquez,5/4/1980 19:34,63-(276)839-6321,jvasquez@school.edu,3
726,Pamela,Fowler,10/9/1995 9:04,55-(452)378-7674,pfowler@school.edu,4
727,Lori,Hicks,7/10/1995 17:07,351-(571)541-1725,lhicks@school.edu,4
728,Susan,Watkins,10/6/1997 6:10,86-(294)798-9945,swatkins@school.edu,4
729,Joyce,Mason,2/25/1991 1:48,60-(847)761-4574,jmason@school.edu,4
730,Johnny,Kennedy,11/28/1988 21:19,92-(443)139-1837,jkennedy@school.edu,3
731,Virginia,Harris,12/16/1985 13:07,86-(610)461-6395,vharris@school.edu,3
732,Carol,Allen,4/23/1981 20:45,62-(895)826-1291,callen@school.edu,4
733,Julia,Greene,5/9/1989 19:47,7-(168)975-1982,jgreene@school.edu,4
734,Aaron,Robertson,8/22/1985 11:02,63-(837)530-9330,arobertson@school.edu,4
735,Carol,Peters,3/2/1990 6:55,62-(951)162-7757,cpeters@school.edu,2
736,Denise,Hunt,1/20/1995 10:24,420-(273)287-8040,dhunt@school.edu,3
737,Donald,Snyder,7/8/1989 14:12,86-(975)452-3935,dsnyder@school.edu,3
738,Martha,Lawrence,7/24/1984 4:08,62-(173)202-0439,mlawrence@school.edu,3
739,Paul,Ortiz,1/1/1989 5:19,63-(603)542-4269,portiz@school.edu,3
740,Anne,Hill,6/25/1992 23:00,385-(302)955-3476,ahill@school.edu,4
741,Harry,Miller,8/14/1991 13:34,370-(745)841-5425,hmiller@school.edu,4
742,James,Russell,5/24/1987 17:37,55-(797)740-9726,jrussell@school.edu,4
743,Bobby,Fuller,5/28/1980 11:38,46-(891)708-9216,bfuller@school.edu,2
744,Sharon,Cox,1/2/1990 8:16,86-(197)671-1124,scox@school.edu,4
745,Sharon,Williamson,2/17/1994 22:30,994-(675)641-7634,swilliamson@school.edu,5
746,Stephen,Austin,8/13/1985 10:15,7-(110)441-2623,saustin@school.edu,4
747,Frances,Woods,5/22/1990 23:35,49-(187)870-5557,fwoods@school.edu,5
748,Emily,Burton,3/29/1995 4:43,98-(938)902-0263,eburton@school.edu,3
749,Melissa,George,6/22/1996 3:54,7-(730)123-5443,mgeorge@school.edu,3
750,Anna,Howell,11/11/1984 16:00,57-(158)581-0014,ahowell@school.edu,2
751,Andrea,Gordon,12/15/1981 10:15,355-(502)685-1859,agordon@school.edu,2
752,Alice,Gardner,1/21/1989 6:03,62-(325)263-4439,agardner@school.edu,5
753,Ruby,Collins,4/10/1992 17:12,86-(209)630-4200,rcollins@school.edu,3
754,Phillip,Cruz,12/13/1991 22:35,66-(438)551-3562,pcruz@school.edu,4
755,Jimmy,Bailey,9/28/1991 19:24,86-(698)703-7162,jbailey@school.edu,4
756,Angela,Andrews,6/19/1984 21:15,7-(183)703-5273,aandrews@school.edu,2
757,Roger,Bell,3/2/1980 18:54,86-(879)558-0974,rbell@school.edu,1
758,Janet,Gutierrez,1/21/1984 0:59,51-(706)386-0567,jgutierrez@school.edu,2
759,Mark,Scott,1/31/1988 13:10,509-(542)549-4851,mscott@school.edu,2
760,Bobby,Edwards,6/27/1989 23:09,1-(601)536-0367,bedwards@school.edu,4
761,Sara,West,4/10/1988 23:35,63-(797)426-8061,swest@school.edu,1
762,Wanda,Cox,9/17/1988 2:10,58-(368)643-5819,wcox@school.edu,5
763,Phillip,Hall,1/26/1986 17:20,86-(764)707-4715,phall@school.edu,4
764,Judy,Walker,3/23/1987 7:06,62-(836)295-4497,jwalker@school.edu,2
765,Alice,Powell,1/25/1991 7:36,86-(728)874-1490,apowell@school.edu,2
766,Barbara,Patterson,1/30/1992 1:51,86-(989)782-0183,bpatterson@school.edu,2
767,Julie,Crawford,1/10/1990 23:39,62-(648)628-1339,jcrawford@school.edu,5
768,Maria,Howard,6/28/1987 1:33,93-(515)572-7248,mhoward@school.edu,4
769,Russell,Greene,6/11/1989 22:40,86-(805)597-2104,rgreene@school.edu,4
770,Eugene,Wagner,7/18/1983 1:58,30-(113)620-7938,ewagner@school.edu,2
771,Pamela,Hamilton,10/15/1984 11:22,967-(533)301-6689,phamilton@school.edu,2
772,Michelle,Garrett,2/19/1995 16:08,30-(872)904-3023,mgarrett@school.edu,3
773,Rebecca,Murray,9/14/1990 17:49,63-(601)971-6004,rmurray@school.edu,5
774,Sara,Wood,12/27/1993 14:11,86-(429)469-1340,swood@school.edu,3
775,Karen,Baker,7/19/1986 21:49,62-(418)809-9119,kbaker@school.edu,3
776,Katherine,Edwards,1/7/1991 16:08,58-(521)361-0034,kedwards@school.edu,1
777,Shawn,Carroll,3/26/1992 6:38,92-(502)128-4773,scarroll@school.edu,4
778,Denise,Jordan,6/2/1982 5:59,86-(975)837-0661,djordan@school.edu,4
779,Fred,Fowler,11/7/1984 14:25,48-(151)864-2068,ffowler@school.edu,1
780,Bonnie,Baker,12/7/1981 1:32,1-(781)199-1855,bbaker@school.edu,5
781,Carolyn,Warren,5/16/1995 8:54,356-(792)501-5564,cwarren@school.edu,4
782,Craig,Ward,1/6/1991 14:20,86-(188)695-4094,cward@school.edu,4
783,Beverly,Woods,6/9/1989 16:16,62-(640)423-5055,bwoods@school.edu,2
784,Raymond,Garcia,6/6/1980 6:00,420-(499)233-8226,rgarcia@school.edu,2
785,Tina,Armstrong,12/26/1985 22:22,48-(322)657-1544,tarmstrong@school.edu,3
786,Joyce,King,6/7/1986 4:25,62-(212)283-6490,jking@school.edu,1
787,Evelyn,Russell,1/31/1989 5:05,33-(381)170-4341,erussell@school.edu,2
788,Jeremy,Elliott,4/14/1986 20:59,33-(198)421-3238,jelliott@school.edu,2
789,Brenda,Graham,10/2/1980 22:10,226-(630)943-4191,bgraham@school.edu,3
790,Doris,Gonzales,12/4/1990 15:52,1-(101)541-0723,dgonzales@school.edu,1
791,Patricia,Boyd,5/11/1982 17:10,7-(269)119-6112,pboyd@school.edu,1
792,Jack,Romero,3/31/1985 10:09,7-(164)282-3175,jromero@school.edu,3
793,Brandon,Ortiz,3/17/1996 18:07,86-(621)161-7614,bortiz@school.edu,3
794,Todd,Price,8/31/1981 14:23,86-(126)326-8651,tprice@school.edu,4
795,Louise,Fuller,12/13/1995 5:14,7-(544)506-9955,lfuller@school.edu,2
796,Justin,Richards,2/8/1997 3:13,380-(870)305-7058,jrichards@school.edu,1
797,Russell,Allen,12/6/1997 0:57,86-(267)729-8693,rallen@school.edu,2
798,Timothy,Gardner,3/6/1997 11:00,254-(576)637-7903,tgardner@school.edu,2
799,Steve,Frazier,5/13/1987 0:00,86-(226)836-2894,sfrazier@school.edu,4
800,Tammy,Anderson,3/17/1989 4:35,370-(589)151-3739,tanderson@school.edu,3
801,Jason,Payne,9/2/1997 20:41,46-(705)375-4739,jpayne@school.edu,5
802,Diana,Ross,9/21/1989 10:22,66-(152)131-0019,dross@school.edu,2
803,Adam,Elliott,1/24/1991 16:59,86-(675)471-7881,aelliott@school.edu,3
804,Sara,Jones,10/11/1993 20:52,7-(469)932-8872,sjones@school.edu,2
805,Irene,Elliott,11/16/1982 23:38,351-(357)751-9895,ielliott@school.edu,5
806,Jimmy,Smith,11/19/1980 5:28,62-(622)976-5014,jsmith@school.edu,4
807,Billy,Rodriguez,10/12/1981 21:08,351-(662)826-9533,brodriguez@school.edu,4
808,Brian,Garcia,9/11/1982 13:13,380-(966)732-8162,bgarcia@school.edu,3
809,Phyllis,Reid,1/21/1995 22:23,54-(819)323-2060,preid@school.edu,2
810,Jane,Larson,3/1/1988 21:32,383-(164)312-0425,jlarson@school.edu,5
811,Frank,Cox,10/13/1992 14:35,351-(884)196-3451,fcox@school.edu,3
812,Mary,Green,9/26/1991 4:23,62-(214)830-0635,mgreen@school.edu,5
813,Paul,Watson,5/6/1992 6:04,355-(746)553-9894,pwatson@school.edu,3
814,Linda,Marshall,4/21/1983 20:39,972-(857)724-1953,lmarshall@school.edu,2
815,Gregory,Kim,6/15/1981 18:18,86-(680)844-4362,gkim@school.edu,1
816,Barbara,Hunter,7/27/1995 14:05,81-(741)827-7981,bhunter@school.edu,3
817,Tina,Jenkins,1/23/1982 21:36,86-(126)477-8599,tjenkins@school.edu,4
818,Anthony,King,7/1/1982 23:35,86-(154)507-3403,aking@school.edu,3
819,Jerry,Webb,7/9/1991 4:33,48-(419)892-6793,jwebb@school.edu,5
820,Heather,Richards,8/20/1989 23:56,55-(862)224-1333,hrichards@school.edu,5
821,Marilyn,Castillo,9/11/1981 5:36,52-(128)273-2407,mcastillo@school.edu,2
822,Julia,Burton,11/21/1992 19:04,86-(758)538-4943,jburton@school.edu,3
823,Christine,Morgan,12/28/1988 7:47,7-(439)495-8926,cmorgan@school.edu,3
824,Billy,Carr,1/23/1996 10:20,86-(321)520-8461,bcarr@school.edu,2
825,Louis,Medina,6/18/1991 15:15,98-(996)401-0814,lmedina@school.edu,4
826,Gregory,Fernandez,1/13/1995 2:46,62-(147)128-8446,gfernandez@school.edu,4
827,Bobby,Morris,11/14/1980 5:13,33-(989)104-2728,bmorris@school.edu,4
828,Patrick,Olson,6/10/1983 23:08,46-(343)842-3455,polson@school.edu,4
829,Jesse,Hernandez,5/20/1988 10:54,62-(620)885-8992,jhernandez@school.edu,3
830,Justin,Hernandez,2/20/1987 8:35,63-(106)445-2292,jhernandez@school.edu,4
831,Beverly,Dixon,6/26/1995 9:33,86-(597)252-5441,bdixon@school.edu,5
832,Steve,Dixon,2/3/1995 22:55,86-(677)701-3878,sdixon@school.edu,3
833,Debra,Mitchell,2/7/1985 14:58,55-(113)110-2828,dmitchell@school.edu,2
834,Johnny,Hanson,11/13/1997 9:23,380-(354)494-2629,jhanson@school.edu,2
835,Andrea,Coleman,7/25/1982 9:06,506-(592)301-2517,acoleman@school.edu,3
836,Jean,Carter,7/29/1992 21:26,51-(561)542-1273,jcarter@school.edu,3
837,William,Rogers,8/7/1983 15:54,420-(774)582-7776,wrogers@school.edu,5
838,Louise,Martinez,6/19/1988 15:35,55-(650)592-2914,lmartinez@school.edu,1
839,Juan,Smith,4/1/1993 14:59,233-(358)526-3162,jsmith@school.edu,3
840,Deborah,Ray,2/8/1993 17:27,420-(839)833-7265,dray@school.edu,4
841,Doris,Roberts,1/29/1997 1:51,95-(441)351-6824,droberts@school.edu,1
842,Rachel,Reyes,10/1/1981 5:36,256-(866)991-4440,rreyes@school.edu,3
843,Denise,Larson,11/27/1986 18:27,63-(716)692-6880,dlarson@school.edu,2
844,Joan,Wallace,11/21/1989 2:27,27-(518)763-0960,jwallace@school.edu,5
845,Ryan,Allen,2/4/1984 7:13,237-(874)735-2297,rallen@school.edu,4
846,Arthur,Jones,9/6/1992 8:14,20-(693)952-7955,ajones@school.edu,3
847,Marilyn,Willis,9/15/1987 11:07,1-(877)191-1788,mwillis@school.edu,2
848,Doris,Williamson,11/10/1990 3:30,86-(295)407-7795,dwilliamson@school.edu,4
849,Joseph,Tucker,12/30/1995 18:49,62-(220)249-4589,jtucker@school.edu,2
850,Nicholas,Mills,3/18/1982 8:37,46-(625)371-8412,nmills@school.edu,3
851,Kathy,Rivera,3/24/1983 8:14,598-(663)842-8599,krivera@school.edu,4
852,Annie,Mcdonald,2/10/1986 21:10,359-(733)847-9640,amcdonald@school.edu,2
853,David,Hall,3/25/1996 6:29,63-(441)275-3674,dhall@school.edu,2
854,Norma,Gonzales,8/26/1981 16:05,63-(596)822-5034,ngonzales@school.edu,4
855,Julia,Williamson,8/25/1996 11:45,420-(874)779-4616,jwilliamson@school.edu,3
856,Anthony,Lynch,5/11/1997 6:33,86-(721)739-8779,alynch@school.edu,5
857,Richard,Olson,12/20/1983 22:03,7-(560)733-7384,rolson@school.edu,2
858,Chris,Wagner,4/8/1984 4:53,98-(926)483-9382,cwagner@school.edu,2
859,Earl,Mccoy,3/8/1984 21:04,505-(603)227-3921,emccoy@school.edu,2
860,Frances,Lopez,8/4/1983 17:27,359-(369)347-0207,flopez@school.edu,3
861,Jonathan,Warren,10/8/1995 20:00,86-(512)102-1859,jwarren@school.edu,3
862,Irene,Henry,6/16/1992 6:06,53-(417)491-2819,ihenry@school.edu,4
863,Joe,Baker,7/31/1981 2:04,86-(808)289-3469,jbaker@school.edu,4
864,Marilyn,Vasquez,9/26/1985 18:35,850-(150)612-9383,mvasquez@school.edu,4
865,Jason,Palmer,12/10/1981 12:51,46-(393)860-4428,jpalmer@school.edu,3
866,Jesse,Rodriguez,3/8/1989 12:47,420-(890)476-2067,jrodriguez@school.edu,4
867,Daniel,Franklin,7/21/1997 16:24,7-(616)841-1654,dfranklin@school.edu,3
868,Evelyn,Carpenter,1/7/1985 7:18,7-(827)278-9019,ecarpenter@school.edu,2
869,Larry,Stewart,10/18/1996 6:56,54-(750)730-0599,lstewart@school.edu,3
870,Linda,Baker,3/26/1996 14:28,503-(560)551-9448,lbaker@school.edu,1
871,Joe,Jacobs,8/22/1989 21:16,86-(585)340-8537,jjacobs@school.edu,4
872,Terry,Hernandez,5/3/1995 11:40,86-(177)846-0911,thernandez@school.edu,3
873,Christina,Chavez,12/25/1982 13:01,54-(336)430-3909,cchavez@school.edu,3
874,Marilyn,Stevens,5/2/1992 13:34,86-(163)222-8635,mstevens@school.edu,4
875,Jack,Ellis,8/13/1989 12:25,86-(521)942-8898,jellis@school.edu,2
876,Beverly,Smith,6/23/1984 18:49,46-(514)781-4508,bsmith@school.edu,3
877,Gerald,Mitchell,3/27/1988 21:20,976-(299)186-2056,gmitchell@school.edu,3
878,Matthew,Bowman,6/22/1995 1:38,86-(604)121-9942,mbowman@school.edu,2
879,Diane,Greene,9/4/1992 7:01,34-(164)154-0488,dgreene@school.edu,5
880,Gregory,Riley,11/11/1994 21:33,51-(874)419-8659,griley@school.edu,4
881,Shawn,Ross,5/31/1993 0:59,86-(570)475-9631,sross@school.edu,4
882,Bonnie,Gibson,11/11/1991 10:56,62-(484)111-3998,bgibson@school.edu,3
883,Heather,Powell,5/27/1991 9:22,86-(487)720-2870,hpowell@school.edu,2
884,Mildred,Hernandez,12/10/1988 19:53,62-(223)722-1366,mhernandez@school.edu,5
885,Steven,Cole,5/10/1991 18:04,48-(160)966-1273,scole@school.edu,3
886,Deborah,Taylor,7/28/1992 22:46,359-(183)982-0550,dtaylor@school.edu,4
887,Gary,Harvey,11/14/1990 4:06,224-(994)105-7662,gharvey@school.edu,3
888,Kenneth,Jenkins,1/31/1995 7:26,62-(915)262-0399,kjenkins@school.edu,1
889,William,Duncan,9/22/1981 0:50,92-(764)578-7624,wduncan@school.edu,4
890,Patricia,Foster,5/26/1983 0:51,93-(961)712-2986,pfoster@school.edu,3
891,Amy,Mcdonald,8/2/1988 14:24,62-(953)314-9605,amcdonald@school.edu,2
892,Brenda,Ryan,6/28/1989 19:48,55-(105)294-4997,bryan@school.edu,1
893,Bonnie,Allen,10/30/1993 10:45,55-(906)176-0511,ballen@school.edu,3
894,Lillian,Allen,1/7/1992 17:56,420-(811)841-0925,lallen@school.edu,1
895,Victor,Hanson,9/30/1994 7:35,63-(332)387-0540,vhanson@school.edu,3
896,Phyllis,Alvarez,10/2/1995 20:00,502-(505)658-3769,palvarez@school.edu,3
897,Jean,Garrett,6/15/1996 20:24,351-(411)663-3742,jgarrett@school.edu,1
898,Eric,Elliott,7/14/1991 15:18,420-(917)653-4933,eelliott@school.edu,4
899,Benjamin,Sanders,10/30/1993 14:28,92-(463)301-5510,bsanders@school.edu,2
900,Jennifer,Carter,10/10/1989 12:33,92-(354)500-6356,jcarter@school.edu,3
901,Charles,Reyes,3/20/1989 20:56,687-(914)230-2491,creyes@school.edu,3
902,Angela,Hunt,3/23/1990 1:24,7-(339)714-6416,ahunt@school.edu,3
903,Marie,George,1/31/1985 9:28,48-(422)318-2549,mgeorge@school.edu,2
904,Eugene,Harris,8/27/1989 1:37,58-(628)728-1426,eharris@school.edu,5
905,Theresa,Fernandez,5/29/1994 12:09,358-(173)604-8282,tfernandez@school.edu,3
906,Rachel,Chapman,10/10/1983 6:43,30-(768)864-5407,rchapman@school.edu,5
907,Diana,Riley,6/16/1997 1:15,52-(527)234-7029,driley@school.edu,2
908,Brenda,Morrison,8/14/1995 5:14,62-(367)563-1604,bmorrison@school.edu,4
909,Tina,Edwards,7/24/1989 0:06,63-(838)742-7118,tedwards@school.edu,3
910,Ann,Brown,11/26/1995 3:55,62-(620)276-1878,abrown@school.edu,4
911,Victor,Chapman,9/4/1994 13:39,62-(116)100-3320,vchapman@school.edu,2
912,Stephanie,Stephens,4/12/1990 16:47,86-(843)702-0167,sstephens@school.edu,2
913,Paula,Carpenter,2/3/1980 13:57,63-(126)449-3618,pcarpenter@school.edu,2
914,Kenneth,Adams,9/29/1989 14:30,86-(592)877-6727,kadams@school.edu,5
915,Willie,James,12/21/1982 13:39,51-(776)124-9399,wjames@school.edu,3
916,Stephen,Henry,12/20/1984 5:17,254-(175)765-5942,shenry@school.edu,4
917,Helen,Cruz,12/11/1980 1:57,420-(900)946-0380,hcruz@school.edu,4
918,Paul,Welch,12/25/1993 9:44,55-(584)746-0992,pwelch@school.edu,4
919,Carl,Stanley,3/20/1991 22:46,81-(971)880-3929,cstanley@school.edu,5
920,Doris,Rodriguez,11/30/1994 11:20,33-(324)223-6832,drodriguez@school.edu,3
921,Randy,Brooks,8/24/1987 2:16,850-(496)882-7560,rbrooks@school.edu,4
922,Thomas,Carpenter,1/11/1992 13:40,86-(202)611-3081,tcarpenter@school.edu,3
923,Jacqueline,Ward,6/9/1989 13:12,55-(732)673-7236,jward@school.edu,2
924,Diana,Perez,12/30/1982 16:32,86-(984)682-9462,dperez@school.edu,3
925,Laura,Kelley,10/5/1986 4:36,81-(845)632-9201,lkelley@school.edu,4
926,Ann,Scott,10/8/1980 23:00,86-(114)723-8492,ascott@school.edu,1
927,Ruby,Harvey,3/17/1984 8:08,374-(991)476-8264,rharvey@school.edu,4
928,Eugene,Sims,3/13/1997 18:23,420-(953)268-4803,esims@school.edu,2
929,Julie,Williams,3/19/1996 5:28,386-(642)621-7206,jwilliams@school.edu,4
930,Nicholas,Hughes,7/9/1988 2:59,62-(290)457-0162,nhughes@school.edu,4
931,Brenda,Wood,11/11/1985 20:25,86-(806)185-8956,bwood@school.edu,4
932,Richard,Watkins,12/18/1985 3:22,261-(889)405-5959,rwatkins@school.edu,4
933,Jack,Cox,10/21/1994 21:12,62-(598)332-9184,jcox@school.edu,3
934,Sara,Jones,8/27/1987 21:20,62-(484)271-7212,sjones@school.edu,3
935,Randy,Grant,4/22/1985 10:34,48-(925)773-0317,rgrant@school.edu,5
936,Scott,Hicks,8/15/1984 12:54,86-(373)768-9379,shicks@school.edu,1
937,Beverly,Morris,3/31/1980 22:42,82-(544)879-9645,bmorris@school.edu,2
938,Cynthia,Coleman,10/13/1990 20:07,55-(508)606-8625,ccoleman@school.edu,3
939,Aaron,Evans,1/29/1985 21:22,886-(699)579-0290,aevans@school.edu,1
940,Anthony,Fuller,6/11/1988 11:47,92-(254)182-9719,afuller@school.edu,1
941,Marie,Simpson,10/21/1994 5:01,48-(550)221-4793,msimpson@school.edu,3
942,Mary,Shaw,3/13/1984 22:28,86-(600)982-3732,mshaw@school.edu,2
943,Louis,Duncan,4/3/1984 7:31,267-(600)788-2028,lduncan@school.edu,4
944,Eric,Phillips,3/2/1988 22:52,351-(303)903-9812,ephillips@school.edu,4
945,Karen,Green,2/6/1988 9:53,54-(186)489-3209,kgreen@school.edu,2
946,Carol,Ryan,8/2/1985 18:20,86-(133)116-5952,cryan@school.edu,1
947,Bruce,Myers,8/2/1992 6:33,48-(130)738-2246,bmyers@school.edu,2
948,John,Knight,9/21/1996 15:43,7-(407)409-4154,jknight@school.edu,2
949,Elizabeth,Lawrence,11/17/1996 3:47,299-(813)857-4007,elawrence@school.edu,4
950,Keith,Bailey,6/23/1995 7:21,33-(171)544-2551,kbailey@school.edu,4
951,Wayne,Owens,12/13/1980 12:52,420-(294)875-1223,wowens@school.edu,4
952,Christina,Marshall,2/12/1980 5:04,54-(156)411-0629,cmarshall@school.edu,3
953,Jane,Gordon,6/20/1995 12:48,63-(388)721-4070,jgordon@school.edu,3
954,Wanda,Collins,5/14/1989 12:35,256-(848)883-2389,wcollins@school.edu,1
955,Rebecca,Dean,3/10/1994 9:21,7-(654)876-8176,rdean@school.edu,4
956,Bobby,Cunningham,4/15/1991 4:13,62-(488)480-8160,bcunningham@school.edu,4
957,Frank,Rogers,8/1/1980 18:34,420-(190)588-8075,frogers@school.edu,1
958,Sandra,Marshall,5/21/1985 14:26,55-(363)390-4532,smarshall@school.edu,2
959,Kenneth,Stone,12/21/1994 21:56,355-(743)298-7630,kstone@school.edu,5
960,Virginia,Nguyen,4/8/1992 10:20,55-(146)201-7790,vnguyen@school.edu,4
961,Joyce,Burns,3/26/1995 15:08,33-(932)786-4293,jburns@school.edu,4
962,Adam,Meyer,10/11/1988 10:13,43-(581)133-5027,ameyer@school.edu,3
963,Kathryn,Schmidt,12/26/1987 7:01,48-(270)357-9854,kschmidt@school.edu,1
964,Frank,Foster,7/27/1994 0:59,46-(656)994-4870,ffoster@school.edu,2
965,Sarah,Cole,9/29/1985 5:04,33-(348)148-1307,scole@school.edu,2
966,Raymond,Montgomery,8/1/1994 19:53,86-(655)332-7221,rmontgomery@school.edu,2
967,Paula,Bell,11/26/1989 16:40,46-(297)242-5463,pbell@school.edu,4
968,Shirley,Rice,1/10/1984 16:48,255-(124)876-9041,srice@school.edu,4
969,Lois,Nichols,3/7/1982 10:43,62-(484)840-0193,lnichols@school.edu,3
970,Robert,Fuller,5/27/1992 14:13,380-(660)772-0574,rfuller@school.edu,5
971,Maria,Lewis,2/19/1985 23:45,27-(929)212-4552,mlewis@school.edu,2
972,Judith,Martin,9/27/1996 1:12,970-(850)384-3155,jmartin@school.edu,4
973,Nicholas,Miller,8/3/1985 17:40,33-(206)424-9593,nmiller@school.edu,3
974,Bonnie,Perez,6/17/1994 18:24,58-(221)462-5252,bperez@school.edu,4
975,Louis,Smith,8/5/1993 0:27,7-(961)692-3206,lsmith@school.edu,3
976,Kathleen,Dixon,4/11/1992 13:53,81-(479)377-8804,kdixon@school.edu,3
977,Harry,Price,3/31/1992 11:41,66-(849)513-9306,hprice@school.edu,2
978,Susan,Pierce,2/10/1985 21:17,420-(769)796-3729,spierce@school.edu,4
979,Teresa,Burton,3/9/1989 5:07,81-(901)851-2257,tburton@school.edu,1
980,Angela,Freeman,2/17/1985 1:38,56-(843)556-2134,afreeman@school.edu,2
981,Stephen,Parker,9/20/1995 0:19,504-(439)387-0805,sparker@school.edu,4
982,Chris,Jones,9/21/1993 21:53,86-(567)627-3379,cjones@school.edu,3
983,Mark,Butler,12/10/1995 14:12,374-(993)662-6280,mbutler@school.edu,3
984,Jesse,Fox,12/9/1988 12:55,1-(314)321-7153,jfox@school.edu,3
985,Betty,Henderson,9/27/1994 17:16,63-(478)866-8169,bhenderson@school.edu,3
986,Steven,Rivera,10/22/1983 15:48,963-(140)230-0592,srivera@school.edu,3
987,Sean,Johnson,5/28/1994 21:45,63-(420)607-6647,sjohnson@school.edu,5
988,Sara,Welch,12/7/1980 22:16,58-(265)449-2058,swelch@school.edu,1
989,Virginia,Dixon,12/19/1991 2:02,421-(464)927-9752,vdixon@school.edu,3
990,Albert,Kim,3/30/1988 5:52,86-(278)821-7657,akim@school.edu,4
991,Anthony,Cunningham,12/17/1986 10:44,355-(317)470-7462,acunningham@school.edu,5
992,Kathy,Ramos,3/4/1987 6:14,423-(679)446-3800,kramos@school.edu,1
993,Marie,James,2/16/1990 20:03,39-(802)206-1397,mjames@school.edu,2
994,Rachel,Hicks,2/20/1996 16:12,46-(938)199-1435,rhicks@school.edu,3
995,Randy,Dean,1/14/1993 21:01,63-(944)785-1241,rdean@school.edu,1
996,Pamela,Johnston,5/18/1989 18:31,30-(598)889-6735,pjohnston@school.edu,4
997,Michael,Fernandez,1/28/1993 11:03,63-(374)783-7942,mfernandez@school.edu,5
998,Irene,Lee,10/28/1987 17:22,81-(278)587-2117,ilee@school.edu,3
999,Timothy,Grant,5/7/1996 18:37,86-(813)304-3394,tgrant@school.edu,3
1000,Joe,Lane,8/10/1995 20:27,51-(576)575-3807,jlane@school.edu,5
1001,Marie,Fields,3/6/1988 2:49,1-(479)537-2983,mfields@school.edu,1
