typeid,companyid,desc
1,425,donec semper sapien a libero nam dui proin leo odio porttitor id consequat in consequat
2,687,duis consequat dui nec nisi volutpat eleifend donec ut dolor morbi
4,80,cubilia curae mauris viverra diam vitae quam suspendisse potenti nullam porttitor lacus
1,961,venenatis turpis enim blandit mi in porttitor pede justo eu massa
2,184,lectus pellentesque at nulla suspendisse potenti cras in purus
4,553,mus etiam vel augue vestibulum rutrum rutrum
1,662,rutrum nulla tellus in sagittis dui vel
2,501,accumsan tellus nisi eu orci mauris lacinia sapien quis
4,475,sed sagittis nam congue risus semper porta volutpat quam pede
1,320,aliquet massa id lobortis convallis tortor risus dapibus
2,325,placerat praesent blandit nam nulla integer pede justo lacinia
4,636,porttitor pede justo eu massa donec dapibus duis at velit eu est congue elementum in
1,719,dignissim vestibulum vestibulum ante ipsum primis in
2,713,sapien a libero nam dui proin leo odio porttitor id consequat in consequat ut nulla
4,735,tincidunt eget tempus vel pede morbi porttitor lorem id ligula suspendisse ornare
1,319,duis mattis egestas metus aenean fermentum donec ut mauris eget massa tempor convallis nulla neque
2,151,lacus at velit vivamus vel nulla eget eros elementum
4,681,in lectus pellentesque at nulla suspendisse potenti cras
1,173,pretium iaculis diam erat fermentum justo nec condimentum
2,48,sollicitudin vitae consectetuer eget rutrum at lorem integer tincidunt ante vel ipsum praesent blandit
4,987,eu est congue elementum in hac habitasse platea
1,816,nisl nunc rhoncus dui vel sem sed sagittis nam congue risus semper porta
2,878,ut erat id mauris vulputate elementum nullam varius
4,653,duis bibendum felis sed interdum venenatis turpis enim blandit mi in porttitor pede
1,14,semper rutrum nulla nunc purus phasellus in felis donec semper
2,639,phasellus sit amet erat nulla tempus vivamus in felis eu
4,99,ipsum ac tellus semper interdum mauris ullamcorper purus sit
1,435,metus vitae ipsum aliquam non mauris morbi non lectus aliquam sit amet diam in
2,764,ut suscipit a feugiat et eros vestibulum ac est lacinia
4,269,penatibus et magnis dis parturient montes nascetur ridiculus mus vivamus vestibulum sagittis sapien
1,381,tempus vivamus in felis eu sapien cursus vestibulum
2,658,sem duis aliquam convallis nunc proin at turpis a pede posuere
4,241,sit amet justo morbi ut odio cras mi
1,286,duis mattis egestas metus aenean fermentum donec ut mauris eget massa
2,134,lorem quisque ut erat curabitur gravida nisi
4,210,sit amet nunc viverra dapibus nulla suscipit ligula in lacus
1,102,diam vitae quam suspendisse potenti nullam porttitor lacus at turpis donec posuere
2,392,eu tincidunt in leo maecenas pulvinar lobortis
4,980,maecenas pulvinar lobortis est phasellus sit amet erat nulla tempus vivamus in
1,396,at feugiat non pretium quis lectus suspendisse potenti in eleifend quam a odio in
2,353,id massa id nisl venenatis lacinia aenean sit amet justo
4,316,euismod scelerisque quam turpis adipiscing lorem vitae mattis nibh ligula
1,490,luctus et ultrices posuere cubilia curae mauris
2,694,eget tincidunt eget tempus vel pede morbi porttitor
4,868,mi nulla ac enim in tempor turpis nec
1,287,sapien a libero nam dui proin leo odio porttitor id
2,846,nam dui proin leo odio porttitor id consequat in consequat ut nulla sed accumsan
4,242,sem fusce consequat nulla nisl nunc nisl duis
1,774,magna vulputate luctus cum sociis natoque penatibus et magnis dis
2,820,eleifend quam a odio in hac habitasse
4,391,massa quis augue luctus tincidunt nulla mollis molestie lorem quisque ut erat curabitur gravida
1,467,eu interdum eu tincidunt in leo maecenas pulvinar lobortis est
2,607,tellus nulla ut erat id mauris vulputate elementum nullam
4,997,et eros vestibulum ac est lacinia nisi venenatis tristique fusce congue diam id
1,524,vestibulum vestibulum ante ipsum primis in faucibus orci luctus et
2,88,curabitur at ipsum ac tellus semper interdum mauris ullamcorper purus sit amet nulla quisque arcu
4,190,arcu libero rutrum ac lobortis vel dapibus at diam nam
1,747,pellentesque ultrices phasellus id sapien in sapien iaculis
2,154,nec molestie sed justo pellentesque viverra pede ac diam cras pellentesque volutpat dui
4,365,ut nunc vestibulum ante ipsum primis in faucibus orci luctus et
1,165,id consequat in consequat ut nulla sed accumsan felis ut at dolor quis odio
2,248,nullam orci pede venenatis non sodales sed tincidunt
4,250,consectetuer adipiscing elit proin interdum mauris non ligula pellentesque ultrices phasellus
1,129,quam turpis adipiscing lorem vitae mattis nibh ligula nec sem
2,39,diam vitae quam suspendisse potenti nullam porttitor lacus at turpis donec posuere metus
4,22,ligula in lacus curabitur at ipsum ac tellus semper interdum mauris
1,993,ligula vehicula consequat morbi a ipsum integer a
2,75,magnis dis parturient montes nascetur ridiculus mus etiam vel augue
4,214,lacinia erat vestibulum sed magna at nunc commodo placerat praesent blandit nam
1,22,platea dictumst etiam faucibus cursus urna ut tellus nulla ut erat id
2,270,aliquam augue quam sollicitudin vitae consectetuer eget rutrum at lorem integer
4,319,sed magna at nunc commodo placerat praesent blandit
1,257,magna bibendum imperdiet nullam orci pede venenatis non sodales
2,729,donec posuere metus vitae ipsum aliquam non
4,908,ligula suspendisse ornare consequat lectus in est
1,378,porta volutpat quam pede lobortis ligula sit amet eleifend pede libero
2,448,at lorem integer tincidunt ante vel ipsum praesent blandit lacinia
4,92,integer a nibh in quis justo maecenas
1,127,quis augue luctus tincidunt nulla mollis molestie lorem quisque ut erat curabitur
2,541,velit vivamus vel nulla eget eros elementum pellentesque quisque porta
4,331,non sodales sed tincidunt eu felis fusce posuere felis sed lacus morbi sem mauris laoreet
1,688,sollicitudin vitae consectetuer eget rutrum at lorem integer tincidunt ante vel
2,435,habitasse platea dictumst morbi vestibulum velit id pretium iaculis diam erat fermentum justo nec condimentum
4,211,purus aliquet at feugiat non pretium quis lectus
1,751,platea dictumst maecenas ut massa quis augue luctus tincidunt nulla mollis molestie
2,888,lacus morbi sem mauris laoreet ut rhoncus aliquet pulvinar sed nisl
4,214,pede morbi porttitor lorem id ligula suspendisse ornare consequat lectus in
1,748,condimentum id luctus nec molestie sed justo pellentesque viverra pede ac
2,957,dui maecenas tristique est et tempus semper est quam pharetra magna ac consequat metus
4,270,primis in faucibus orci luctus et ultrices posuere cubilia curae nulla dapibus
1,489,tincidunt ante vel ipsum praesent blandit lacinia erat vestibulum sed magna at nunc commodo placerat
2,227,viverra diam vitae quam suspendisse potenti nullam porttitor lacus at turpis donec
4,82,lobortis ligula sit amet eleifend pede libero quis orci nullam molestie nibh in
1,249,nullam orci pede venenatis non sodales sed
2,622,ac nulla sed vel enim sit amet nunc viverra dapibus
4,854,ut massa volutpat convallis morbi odio odio elementum
1,869,sollicitudin ut suscipit a feugiat et eros vestibulum ac est lacinia
2,510,ultrices posuere cubilia curae duis faucibus accumsan odio
4,773,nunc vestibulum ante ipsum primis in faucibus orci luctus et ultrices posuere
1,253,nisi eu orci mauris lacinia sapien quis libero
2,413,vel augue vestibulum ante ipsum primis in faucibus orci luctus et ultrices
4,297,justo lacinia eget tincidunt eget tempus vel pede morbi porttitor lorem
1,364,ut suscipit a feugiat et eros vestibulum ac est lacinia nisi
2,133,nascetur ridiculus mus etiam vel augue vestibulum rutrum rutrum neque aenean auctor gravida sem
4,550,eget tincidunt eget tempus vel pede morbi porttitor lorem id ligula suspendisse ornare consequat lectus
1,904,sed accumsan felis ut at dolor quis odio consequat varius integer ac leo pellentesque ultrices
2,551,duis aliquam convallis nunc proin at turpis a pede
4,456,nulla sed accumsan felis ut at dolor quis odio consequat varius
1,88,eu orci mauris lacinia sapien quis libero nullam
2,27,eu sapien cursus vestibulum proin eu mi nulla ac enim in
4,161,turpis adipiscing lorem vitae mattis nibh ligula nec
1,268,suscipit a feugiat et eros vestibulum ac est lacinia nisi venenatis
2,407,massa donec dapibus duis at velit eu est congue elementum
4,664,vulputate elementum nullam varius nulla facilisi cras non
1,822,nascetur ridiculus mus etiam vel augue vestibulum rutrum rutrum neque aenean auctor gravida sem praesent
2,717,eu orci mauris lacinia sapien quis libero nullam sit amet turpis elementum ligula vehicula consequat
4,958,non mauris morbi non lectus aliquam sit amet diam in magna bibendum imperdiet nullam
1,289,morbi non lectus aliquam sit amet diam
2,600,in faucibus orci luctus et ultrices posuere cubilia curae duis
4,700,turpis enim blandit mi in porttitor pede
1,31,fermentum donec ut mauris eget massa tempor convallis nulla neque libero
2,417,pretium nisl ut volutpat sapien arcu sed augue aliquam erat volutpat in congue etiam justo
4,513,maecenas leo odio condimentum id luctus nec molestie
1,320,ipsum primis in faucibus orci luctus et ultrices posuere cubilia curae nulla dapibus dolor
2,877,sit amet consectetuer adipiscing elit proin interdum mauris non
4,27,gravida nisi at nibh in hac habitasse platea dictumst aliquam augue quam sollicitudin vitae consectetuer
1,282,vel augue vestibulum rutrum rutrum neque aenean auctor
2,742,gravida nisi at nibh in hac habitasse platea dictumst
4,919,nec molestie sed justo pellentesque viverra pede
1,416,nec sem duis aliquam convallis nunc proin at turpis
2,400,faucibus cursus urna ut tellus nulla ut erat id mauris vulputate elementum
4,634,eget eleifend luctus ultricies eu nibh quisque id justo sit amet sapien dignissim vestibulum vestibulum
1,224,sapien urna pretium nisl ut volutpat sapien arcu sed augue aliquam erat volutpat in
2,817,est risus auctor sed tristique in tempus sit amet
4,547,sapien non mi integer ac neque duis bibendum morbi non
1,14,eget semper rutrum nulla nunc purus phasellus
2,793,tempus vel pede morbi porttitor lorem id ligula suspendisse ornare
4,936,augue quam sollicitudin vitae consectetuer eget rutrum
1,144,nec nisi volutpat eleifend donec ut dolor morbi vel lectus in quam fringilla rhoncus mauris
2,179,vivamus vestibulum sagittis sapien cum sociis natoque penatibus et magnis dis parturient
4,401,nulla elit ac nulla sed vel enim sit amet nunc viverra dapibus nulla suscipit ligula
1,790,est lacinia nisi venenatis tristique fusce congue
2,967,nibh in hac habitasse platea dictumst aliquam augue quam sollicitudin
4,562,in est risus auctor sed tristique in tempus sit amet sem fusce consequat nulla
1,674,donec diam neque vestibulum eget vulputate ut ultrices
2,149,ante vivamus tortor duis mattis egestas metus aenean fermentum
4,207,ullamcorper purus sit amet nulla quisque arcu libero rutrum
1,733,vestibulum sagittis sapien cum sociis natoque penatibus et
2,642,dolor quis odio consequat varius integer ac leo pellentesque ultrices mattis odio donec
4,619,auctor sed tristique in tempus sit amet sem fusce consequat nulla nisl nunc
1,179,sed magna at nunc commodo placerat praesent blandit nam nulla
2,964,odio curabitur convallis duis consequat dui nec nisi volutpat eleifend donec ut dolor morbi
4,548,turpis a pede posuere nonummy integer non velit
1,950,nibh in quis justo maecenas rhoncus aliquam lacus morbi quis tortor id nulla
2,194,blandit mi in porttitor pede justo eu massa donec dapibus duis at velit eu
4,83,erat curabitur gravida nisi at nibh in hac habitasse platea
1,44,vestibulum aliquet ultrices erat tortor sollicitudin mi sit amet lobortis
2,671,consectetuer eget rutrum at lorem integer tincidunt ante
4,29,pede ac diam cras pellentesque volutpat dui
1,458,lorem integer tincidunt ante vel ipsum praesent blandit lacinia erat vestibulum
2,77,enim sit amet nunc viverra dapibus nulla suscipit ligula in lacus curabitur at
4,77,nulla facilisi cras non velit nec nisi vulputate nonummy maecenas tincidunt lacus
1,744,varius nulla facilisi cras non velit nec nisi vulputate nonummy maecenas tincidunt lacus at
2,555,porttitor id consequat in consequat ut nulla sed accumsan felis ut
4,101,ante vestibulum ante ipsum primis in faucibus orci luctus et ultrices
1,181,felis eu sapien cursus vestibulum proin eu mi nulla ac
2,508,facilisi cras non velit nec nisi vulputate nonummy
4,586,sapien sapien non mi integer ac neque
1,741,molestie hendrerit at vulputate vitae nisl aenean lectus pellentesque eget nunc donec
2,528,consectetuer eget rutrum at lorem integer tincidunt ante vel ipsum praesent blandit lacinia
4,807,lacinia sapien quis libero nullam sit amet
1,835,pede lobortis ligula sit amet eleifend pede libero quis orci nullam molestie nibh in
2,317,volutpat quam pede lobortis ligula sit amet eleifend
4,430,sapien arcu sed augue aliquam erat volutpat in congue etiam justo etiam
1,303,in hac habitasse platea dictumst aliquam augue
2,532,luctus et ultrices posuere cubilia curae mauris
4,175,penatibus et magnis dis parturient montes nascetur ridiculus mus etiam vel augue vestibulum rutrum
1,123,etiam pretium iaculis justo in hac habitasse platea dictumst
2,141,diam vitae quam suspendisse potenti nullam porttitor lacus
4,613,bibendum felis sed interdum venenatis turpis enim blandit mi in porttitor pede
1,438,curabitur convallis duis consequat dui nec nisi volutpat eleifend donec ut dolor morbi vel
2,895,mauris enim leo rhoncus sed vestibulum sit amet
4,33,justo maecenas rhoncus aliquam lacus morbi quis tortor
1,868,sociis natoque penatibus et magnis dis parturient montes nascetur ridiculus mus etiam vel augue
2,533,sit amet justo morbi ut odio cras mi pede malesuada in
4,667,pede morbi porttitor lorem id ligula suspendisse ornare consequat lectus in est risus auctor
1,219,felis donec semper sapien a libero nam dui proin
2,285,ultrices libero non mattis pulvinar nulla pede ullamcorper augue a suscipit nulla elit ac
4,586,blandit mi in porttitor pede justo eu massa donec dapibus duis at
1,567,sapien quis libero nullam sit amet turpis elementum ligula vehicula consequat morbi a ipsum
2,351,nec nisi vulputate nonummy maecenas tincidunt lacus at velit vivamus vel
4,161,nec condimentum neque sapien placerat ante nulla justo aliquam
1,222,dignissim vestibulum vestibulum ante ipsum primis in faucibus orci luctus et ultrices posuere
2,247,ut rhoncus aliquet pulvinar sed nisl nunc rhoncus dui vel
4,900,nibh ligula nec sem duis aliquam convallis nunc
1,584,tristique fusce congue diam id ornare imperdiet sapien
2,631,mauris vulputate elementum nullam varius nulla facilisi cras
4,737,eu orci mauris lacinia sapien quis libero nullam sit amet
1,431,cum sociis natoque penatibus et magnis dis parturient montes
2,148,tempus vivamus in felis eu sapien cursus vestibulum proin eu mi nulla ac enim
4,115,convallis duis consequat dui nec nisi volutpat eleifend donec ut dolor morbi
1,498,lacinia eget tincidunt eget tempus vel pede
2,513,sit amet sem fusce consequat nulla nisl
4,145,eget elit sodales scelerisque mauris sit amet eros suspendisse accumsan tortor quis turpis sed ante
1,513,ultrices posuere cubilia curae duis faucibus accumsan odio curabitur convallis duis
2,688,dolor quis odio consequat varius integer ac leo pellentesque ultrices mattis odio donec vitae
4,466,ut suscipit a feugiat et eros vestibulum ac est lacinia
1,781,nullam porttitor lacus at turpis donec posuere metus vitae
2,508,sed magna at nunc commodo placerat praesent blandit nam nulla integer pede
4,744,ligula nec sem duis aliquam convallis nunc proin
1,816,eget massa tempor convallis nulla neque libero convallis eget eleifend
2,631,volutpat sapien arcu sed augue aliquam erat volutpat
4,435,odio in hac habitasse platea dictumst maecenas ut massa
1,995,aliquet massa id lobortis convallis tortor risus dapibus
2,90,id pretium iaculis diam erat fermentum justo nec condimentum neque sapien placerat ante nulla
4,908,ante nulla justo aliquam quis turpis eget elit sodales scelerisque
1,640,ultrices libero non mattis pulvinar nulla pede ullamcorper augue a suscipit nulla elit
2,867,quam pede lobortis ligula sit amet eleifend pede libero quis orci nullam
4,305,amet diam in magna bibendum imperdiet nullam orci pede venenatis non sodales
1,997,condimentum neque sapien placerat ante nulla justo
2,120,orci luctus et ultrices posuere cubilia curae donec pharetra magna vestibulum aliquet ultrices erat tortor
4,116,morbi non lectus aliquam sit amet diam in magna bibendum imperdiet nullam
1,967,integer aliquet massa id lobortis convallis tortor risus dapibus augue vel accumsan tellus nisi
2,211,metus aenean fermentum donec ut mauris eget massa tempor convallis nulla
4,403,pulvinar sed nisl nunc rhoncus dui vel sem sed sagittis nam congue risus semper porta
1,859,lobortis ligula sit amet eleifend pede libero
2,296,ornare imperdiet sapien urna pretium nisl ut volutpat sapien arcu sed augue
4,218,in congue etiam justo etiam pretium iaculis justo in hac habitasse platea
1,145,aenean sit amet justo morbi ut odio cras mi pede malesuada
2,171,metus vitae ipsum aliquam non mauris morbi non lectus
4,810,erat quisque erat eros viverra eget congue eget semper rutrum nulla
1,791,bibendum felis sed interdum venenatis turpis enim blandit mi in porttitor pede justo
2,210,donec ut dolor morbi vel lectus in quam fringilla rhoncus
4,612,purus aliquet at feugiat non pretium quis lectus
1,399,ultrices vel augue vestibulum ante ipsum primis in
2,378,vivamus metus arcu adipiscing molestie hendrerit at vulputate
4,286,sit amet eleifend pede libero quis orci nullam molestie nibh
1,312,in ante vestibulum ante ipsum primis in faucibus orci luctus et
2,841,odio curabitur convallis duis consequat dui nec nisi volutpat
4,525,nulla mollis molestie lorem quisque ut erat curabitur gravida nisi at nibh
1,450,praesent blandit lacinia erat vestibulum sed magna at nunc commodo placerat praesent
2,638,ante ipsum primis in faucibus orci luctus et ultrices posuere cubilia
4,541,curae donec pharetra magna vestibulum aliquet ultrices erat tortor sollicitudin mi sit
1,565,semper sapien a libero nam dui proin leo
2,757,et ultrices posuere cubilia curae donec pharetra
4,40,non ligula pellentesque ultrices phasellus id sapien in
1,431,mollis molestie lorem quisque ut erat curabitur gravida nisi
2,48,pretium iaculis diam erat fermentum justo nec condimentum neque
4,304,mattis nibh ligula nec sem duis aliquam convallis nunc proin at turpis a pede posuere
1,22,eget semper rutrum nulla nunc purus phasellus
2,529,posuere cubilia curae mauris viverra diam vitae quam suspendisse
4,244,ultrices posuere cubilia curae mauris viverra diam vitae quam suspendisse potenti nullam porttitor lacus at
1,547,aenean fermentum donec ut mauris eget massa
2,729,libero non mattis pulvinar nulla pede ullamcorper augue
4,22,consequat dui nec nisi volutpat eleifend donec ut dolor morbi vel lectus in quam
1,48,nam nulla integer pede justo lacinia eget
2,651,habitasse platea dictumst maecenas ut massa quis augue luctus tincidunt
4,189,praesent blandit nam nulla integer pede justo lacinia eget tincidunt eget tempus vel
1,101,amet lobortis sapien sapien non mi integer ac neque
2,658,congue elementum in hac habitasse platea dictumst morbi vestibulum velit id pretium
4,724,tortor risus dapibus augue vel accumsan tellus nisi eu orci
1,263,aenean auctor gravida sem praesent id massa id nisl
2,371,proin eu mi nulla ac enim in tempor turpis nec
4,315,nulla eget eros elementum pellentesque quisque porta volutpat
1,545,ut erat curabitur gravida nisi at nibh in hac habitasse platea dictumst aliquam
2,655,quisque ut erat curabitur gravida nisi at nibh in
4,572,morbi porttitor lorem id ligula suspendisse ornare consequat lectus in
1,228,interdum in ante vestibulum ante ipsum primis in
2,808,ligula pellentesque ultrices phasellus id sapien in sapien
4,997,neque sapien placerat ante nulla justo aliquam quis turpis eget elit sodales scelerisque mauris sit
1,182,urna ut tellus nulla ut erat id mauris vulputate elementum nullam
2,595,nulla pede ullamcorper augue a suscipit nulla elit ac nulla sed
4,733,cursus urna ut tellus nulla ut erat id mauris vulputate elementum nullam varius nulla
1,951,in quam fringilla rhoncus mauris enim leo rhoncus sed vestibulum
2,836,pellentesque at nulla suspendisse potenti cras in purus eu magna vulputate luctus cum sociis
4,681,est donec odio justo sollicitudin ut suscipit a feugiat et eros vestibulum ac est lacinia
1,467,id turpis integer aliquet massa id lobortis
2,469,ipsum primis in faucibus orci luctus et ultrices posuere cubilia curae
4,15,massa donec dapibus duis at velit eu est congue
1,161,nullam porttitor lacus at turpis donec posuere metus vitae ipsum aliquam
2,671,sagittis nam congue risus semper porta volutpat quam pede lobortis ligula
4,80,etiam pretium iaculis justo in hac habitasse platea dictumst etiam faucibus cursus
1,847,ridiculus mus vivamus vestibulum sagittis sapien cum sociis natoque penatibus et magnis
2,235,integer a nibh in quis justo maecenas
4,529,convallis duis consequat dui nec nisi volutpat eleifend donec ut
1,554,vivamus tortor duis mattis egestas metus aenean fermentum donec ut mauris eget massa
2,800,magnis dis parturient montes nascetur ridiculus mus vivamus
4,420,tempor turpis nec euismod scelerisque quam turpis adipiscing lorem vitae
1,554,luctus rutrum nulla tellus in sagittis dui
2,323,ipsum primis in faucibus orci luctus et ultrices posuere cubilia
4,505,pellentesque volutpat dui maecenas tristique est et tempus semper est quam pharetra magna ac
1,955,volutpat sapien arcu sed augue aliquam erat
2,940,quam a odio in hac habitasse platea dictumst maecenas ut massa quis augue luctus tincidunt
4,847,suscipit ligula in lacus curabitur at ipsum ac tellus
1,986,amet consectetuer adipiscing elit proin risus praesent lectus vestibulum quam sapien varius ut blandit
2,883,penatibus et magnis dis parturient montes nascetur ridiculus mus vivamus vestibulum
4,503,etiam pretium iaculis justo in hac habitasse platea dictumst etiam
1,598,vestibulum ante ipsum primis in faucibus orci luctus et ultrices
2,567,in hac habitasse platea dictumst etiam faucibus
4,380,amet lobortis sapien sapien non mi integer ac
1,883,est congue elementum in hac habitasse platea dictumst morbi vestibulum
2,941,mauris viverra diam vitae quam suspendisse potenti nullam porttitor lacus at turpis
4,502,in quis justo maecenas rhoncus aliquam lacus
1,319,sit amet consectetuer adipiscing elit proin interdum mauris non ligula pellentesque
2,944,justo etiam pretium iaculis justo in hac
4,528,vulputate luctus cum sociis natoque penatibus et
1,562,vel pede morbi porttitor lorem id ligula suspendisse ornare consequat lectus in est
2,681,mi in porttitor pede justo eu massa
4,975,orci pede venenatis non sodales sed tincidunt eu felis
1,853,penatibus et magnis dis parturient montes nascetur
2,799,vitae consectetuer eget rutrum at lorem integer tincidunt ante vel ipsum praesent blandit
4,155,fusce posuere felis sed lacus morbi sem mauris laoreet
1,566,vestibulum sagittis sapien cum sociis natoque penatibus et magnis dis parturient montes nascetur ridiculus mus
2,398,donec pharetra magna vestibulum aliquet ultrices erat
4,444,sapien cum sociis natoque penatibus et magnis dis parturient
1,838,in sagittis dui vel nisl duis ac nibh fusce lacus purus aliquet at
2,636,cum sociis natoque penatibus et magnis dis parturient montes nascetur
4,688,convallis morbi odio odio elementum eu interdum eu tincidunt in
1,877,vel augue vestibulum ante ipsum primis in faucibus orci luctus et
2,242,cubilia curae nulla dapibus dolor vel est donec odio
4,400,non lectus aliquam sit amet diam in magna bibendum imperdiet nullam orci pede venenatis
1,573,sit amet turpis elementum ligula vehicula consequat morbi a ipsum integer
2,573,duis at velit eu est congue elementum in hac habitasse platea dictumst morbi
4,101,et magnis dis parturient montes nascetur ridiculus mus etiam vel augue vestibulum rutrum rutrum
1,871,ipsum dolor sit amet consectetuer adipiscing elit proin interdum mauris non ligula pellentesque
2,833,posuere metus vitae ipsum aliquam non mauris morbi non lectus aliquam sit amet diam
4,114,mauris viverra diam vitae quam suspendisse potenti nullam porttitor
1,84,neque vestibulum eget vulputate ut ultrices vel augue vestibulum ante ipsum primis in
2,13,aliquam convallis nunc proin at turpis a pede posuere nonummy integer non velit
4,643,iaculis diam erat fermentum justo nec condimentum neque sapien
1,694,sed lacus morbi sem mauris laoreet ut rhoncus aliquet pulvinar sed nisl nunc
2,780,magnis dis parturient montes nascetur ridiculus mus etiam vel augue vestibulum rutrum rutrum neque
4,333,sit amet consectetuer adipiscing elit proin risus praesent lectus vestibulum quam sapien
1,56,tincidunt in leo maecenas pulvinar lobortis est phasellus sit amet erat nulla tempus
2,113,nisl nunc rhoncus dui vel sem sed sagittis
4,868,in quis justo maecenas rhoncus aliquam lacus morbi quis tortor id nulla
1,120,libero nullam sit amet turpis elementum ligula vehicula consequat
2,446,ante vestibulum ante ipsum primis in faucibus orci luctus et
4,993,ultrices enim lorem ipsum dolor sit amet consectetuer adipiscing elit proin interdum
1,764,blandit nam nulla integer pede justo lacinia eget tincidunt eget tempus vel pede morbi porttitor
2,675,in congue etiam justo etiam pretium iaculis justo in hac habitasse platea
4,439,vel lectus in quam fringilla rhoncus mauris
1,706,ipsum ac tellus semper interdum mauris ullamcorper purus sit amet nulla quisque arcu
2,509,neque libero convallis eget eleifend luctus ultricies
4,295,sagittis sapien cum sociis natoque penatibus et magnis dis parturient montes nascetur ridiculus mus etiam
1,242,sapien a libero nam dui proin leo odio porttitor id consequat in consequat
2,951,mattis pulvinar nulla pede ullamcorper augue a suscipit nulla
4,567,dolor morbi vel lectus in quam fringilla rhoncus mauris enim leo rhoncus sed
1,440,at velit vivamus vel nulla eget eros elementum
2,816,bibendum imperdiet nullam orci pede venenatis non sodales sed tincidunt eu felis
4,37,consectetuer eget rutrum at lorem integer tincidunt
1,16,lacinia sapien quis libero nullam sit amet turpis
2,154,quam fringilla rhoncus mauris enim leo rhoncus sed vestibulum sit amet cursus
4,925,volutpat erat quisque erat eros viverra eget congue
1,189,pellentesque quisque porta volutpat erat quisque erat eros viverra eget congue
2,689,nullam molestie nibh in lectus pellentesque at nulla suspendisse potenti cras
4,407,scelerisque mauris sit amet eros suspendisse accumsan tortor quis
1,820,vulputate ut ultrices vel augue vestibulum ante ipsum primis in faucibus orci luctus et
2,388,luctus et ultrices posuere cubilia curae mauris viverra diam vitae
4,676,pellentesque at nulla suspendisse potenti cras in purus eu magna vulputate luctus cum sociis natoque
1,512,integer aliquet massa id lobortis convallis tortor risus dapibus augue vel
2,213,ipsum dolor sit amet consectetuer adipiscing elit proin interdum
4,687,enim in tempor turpis nec euismod scelerisque quam turpis adipiscing lorem vitae mattis nibh
1,657,quisque id justo sit amet sapien dignissim vestibulum vestibulum
2,775,mollis molestie lorem quisque ut erat curabitur gravida nisi
4,917,penatibus et magnis dis parturient montes nascetur ridiculus
1,580,morbi vel lectus in quam fringilla rhoncus mauris enim
2,213,ante ipsum primis in faucibus orci luctus et ultrices posuere
4,280,iaculis congue vivamus metus arcu adipiscing molestie hendrerit at vulputate vitae nisl
1,761,suspendisse potenti in eleifend quam a odio in hac habitasse platea dictumst maecenas ut massa
2,974,quam pede lobortis ligula sit amet eleifend pede
4,102,maecenas ut massa quis augue luctus tincidunt nulla mollis molestie lorem quisque ut erat curabitur
1,655,sem sed sagittis nam congue risus semper porta volutpat quam
2,858,vestibulum ante ipsum primis in faucibus orci luctus
4,289,nisi venenatis tristique fusce congue diam id ornare imperdiet
1,256,nulla justo aliquam quis turpis eget elit sodales scelerisque mauris sit amet eros suspendisse
2,566,purus phasellus in felis donec semper sapien
4,272,et commodo vulputate justo in blandit ultrices enim
1,814,convallis tortor risus dapibus augue vel accumsan tellus nisi eu
2,843,aliquet maecenas leo odio condimentum id luctus nec molestie sed justo pellentesque viverra
4,152,posuere felis sed lacus morbi sem mauris laoreet
1,742,massa id lobortis convallis tortor risus dapibus augue vel accumsan tellus nisi eu
2,136,adipiscing molestie hendrerit at vulputate vitae nisl
4,254,nulla mollis molestie lorem quisque ut erat curabitur gravida nisi at
1,861,pede justo eu massa donec dapibus duis at velit
2,805,fringilla rhoncus mauris enim leo rhoncus sed vestibulum sit amet
4,842,vel est donec odio justo sollicitudin ut suscipit a feugiat et eros vestibulum ac est
1,744,tincidunt eget tempus vel pede morbi porttitor lorem id ligula suspendisse
2,664,amet nulla quisque arcu libero rutrum ac lobortis vel dapibus at diam nam
4,508,sit amet diam in magna bibendum imperdiet nullam orci pede venenatis non
1,128,tincidunt nulla mollis molestie lorem quisque ut erat curabitur gravida
2,968,duis aliquam convallis nunc proin at turpis a pede posuere nonummy
4,288,ultrices aliquet maecenas leo odio condimentum id luctus nec molestie sed justo pellentesque viverra pede
1,342,interdum mauris ullamcorper purus sit amet nulla quisque arcu libero rutrum ac lobortis
2,615,duis mattis egestas metus aenean fermentum donec ut
4,761,molestie sed justo pellentesque viverra pede ac diam cras pellentesque volutpat dui
1,324,duis mattis egestas metus aenean fermentum donec ut mauris eget massa tempor convallis nulla neque
2,331,at nibh in hac habitasse platea dictumst
4,931,eget tempus vel pede morbi porttitor lorem id ligula suspendisse ornare consequat lectus in est
1,410,montes nascetur ridiculus mus etiam vel augue vestibulum rutrum rutrum neque aenean auctor
2,926,molestie hendrerit at vulputate vitae nisl aenean
4,319,eu est congue elementum in hac habitasse platea dictumst morbi vestibulum velit id pretium
1,11,ligula in lacus curabitur at ipsum ac tellus semper interdum mauris ullamcorper purus
2,473,in quis justo maecenas rhoncus aliquam lacus morbi quis tortor id nulla ultrices
4,585,fermentum donec ut mauris eget massa tempor convallis nulla
1,264,id nulla ultrices aliquet maecenas leo odio condimentum id luctus nec molestie sed justo
2,201,cursus urna ut tellus nulla ut erat id mauris vulputate elementum nullam
4,535,consequat dui nec nisi volutpat eleifend donec ut
1,478,ac tellus semper interdum mauris ullamcorper purus
2,176,nisl venenatis lacinia aenean sit amet justo morbi
4,755,consequat nulla nisl nunc nisl duis bibendum felis sed interdum venenatis turpis enim blandit mi
1,577,blandit lacinia erat vestibulum sed magna at nunc commodo placerat praesent blandit
2,798,cras non velit nec nisi vulputate nonummy maecenas
4,408,etiam pretium iaculis justo in hac habitasse platea dictumst etiam faucibus cursus urna ut tellus
1,834,dapibus duis at velit eu est congue elementum in
2,22,tellus nisi eu orci mauris lacinia sapien quis libero nullam sit amet turpis elementum ligula
4,163,eget eleifend luctus ultricies eu nibh quisque id justo sit
1,170,aliquet massa id lobortis convallis tortor risus dapibus augue
2,981,aliquet at feugiat non pretium quis lectus suspendisse
4,234,in libero ut massa volutpat convallis morbi odio
1,764,vestibulum ante ipsum primis in faucibus orci luctus et ultrices posuere cubilia curae
2,563,morbi quis tortor id nulla ultrices aliquet
4,121,curabitur gravida nisi at nibh in hac habitasse platea dictumst aliquam augue quam sollicitudin
1,790,nisi eu orci mauris lacinia sapien quis libero
2,912,luctus tincidunt nulla mollis molestie lorem quisque ut erat curabitur gravida
4,833,volutpat convallis morbi odio odio elementum eu interdum eu tincidunt in leo maecenas
1,800,ac neque duis bibendum morbi non quam nec
2,738,phasellus in felis donec semper sapien a libero nam dui
4,116,mauris enim leo rhoncus sed vestibulum sit amet cursus id turpis integer aliquet
1,875,vestibulum eget vulputate ut ultrices vel augue vestibulum ante
2,973,mollis molestie lorem quisque ut erat curabitur gravida
4,877,pede posuere nonummy integer non velit donec diam neque vestibulum eget vulputate ut ultrices vel
1,362,eleifend quam a odio in hac habitasse platea dictumst maecenas ut massa quis augue luctus
2,281,elementum eu interdum eu tincidunt in leo maecenas pulvinar lobortis
4,747,dolor sit amet consectetuer adipiscing elit proin
1,981,lacus purus aliquet at feugiat non pretium quis
2,502,turpis nec euismod scelerisque quam turpis adipiscing lorem vitae mattis
4,550,nunc nisl duis bibendum felis sed interdum venenatis turpis enim blandit
1,291,amet cursus id turpis integer aliquet massa id lobortis convallis tortor risus dapibus
2,755,augue vel accumsan tellus nisi eu orci mauris lacinia sapien quis libero nullam
4,735,nulla nunc purus phasellus in felis donec semper
1,199,risus auctor sed tristique in tempus sit
2,336,rutrum neque aenean auctor gravida sem praesent id
4,245,erat tortor sollicitudin mi sit amet lobortis sapien sapien non mi
1,452,luctus et ultrices posuere cubilia curae nulla dapibus dolor vel est donec
2,379,condimentum neque sapien placerat ante nulla justo aliquam quis turpis
4,480,posuere cubilia curae duis faucibus accumsan odio curabitur convallis duis consequat dui nec
1,830,nascetur ridiculus mus etiam vel augue vestibulum rutrum rutrum neque
2,869,sit amet nunc viverra dapibus nulla suscipit ligula
4,779,ultrices posuere cubilia curae mauris viverra diam vitae quam suspendisse
1,88,augue quam sollicitudin vitae consectetuer eget rutrum at lorem
2,16,habitasse platea dictumst maecenas ut massa quis
4,407,augue quam sollicitudin vitae consectetuer eget rutrum at lorem integer tincidunt ante vel
1,68,vestibulum ante ipsum primis in faucibus orci luctus et ultrices posuere cubilia
2,139,primis in faucibus orci luctus et ultrices posuere cubilia curae duis faucibus accumsan odio curabitur
4,544,pulvinar sed nisl nunc rhoncus dui vel
1,638,felis ut at dolor quis odio consequat varius integer ac leo
2,446,curabitur convallis duis consequat dui nec nisi volutpat eleifend donec ut dolor
4,744,eget semper rutrum nulla nunc purus phasellus in felis donec semper sapien a libero
1,469,accumsan tellus nisi eu orci mauris lacinia sapien quis libero nullam sit amet turpis
2,230,in eleifend quam a odio in hac habitasse
4,700,sagittis dui vel nisl duis ac nibh fusce lacus purus aliquet at feugiat
1,406,cras non velit nec nisi vulputate nonummy maecenas tincidunt lacus at velit vivamus vel
2,301,a suscipit nulla elit ac nulla sed
4,899,suscipit ligula in lacus curabitur at ipsum ac
1,925,dui luctus rutrum nulla tellus in sagittis dui vel
2,357,id lobortis convallis tortor risus dapibus augue vel
4,846,velit donec diam neque vestibulum eget vulputate ut ultrices vel augue vestibulum ante
1,301,maecenas pulvinar lobortis est phasellus sit amet erat nulla tempus
2,746,eu tincidunt in leo maecenas pulvinar lobortis est phasellus sit amet erat
4,218,lobortis ligula sit amet eleifend pede libero quis orci nullam molestie nibh in
1,901,eget nunc donec quis orci eget orci vehicula condimentum curabitur in libero
2,537,odio donec vitae nisi nam ultrices libero non mattis pulvinar nulla pede ullamcorper
4,429,vulputate elementum nullam varius nulla facilisi cras non velit nec nisi
1,878,erat id mauris vulputate elementum nullam varius
2,924,diam id ornare imperdiet sapien urna pretium nisl
4,809,ante ipsum primis in faucibus orci luctus et ultrices posuere
1,825,in consequat ut nulla sed accumsan felis ut at dolor quis odio consequat varius integer
2,836,ultrices libero non mattis pulvinar nulla pede ullamcorper augue
4,249,congue eget semper rutrum nulla nunc purus phasellus in
1,88,ipsum praesent blandit lacinia erat vestibulum sed magna at nunc
2,141,luctus et ultrices posuere cubilia curae mauris viverra diam
4,45,primis in faucibus orci luctus et ultrices
1,549,blandit lacinia erat vestibulum sed magna at nunc commodo placerat praesent
2,505,amet lobortis sapien sapien non mi integer ac neque duis bibendum
4,294,nisl nunc rhoncus dui vel sem sed sagittis nam congue risus semper porta volutpat quam
1,795,nulla tempus vivamus in felis eu sapien cursus vestibulum proin eu mi nulla ac enim
2,470,sit amet consectetuer adipiscing elit proin risus praesent lectus vestibulum quam
4,363,nisl venenatis lacinia aenean sit amet justo morbi ut odio cras mi pede
1,396,congue vivamus metus arcu adipiscing molestie hendrerit at vulputate vitae nisl aenean lectus pellentesque eget
2,130,feugiat non pretium quis lectus suspendisse potenti in eleifend quam a odio in hac
4,565,et commodo vulputate justo in blandit ultrices enim lorem ipsum dolor sit amet
1,741,nec nisi volutpat eleifend donec ut dolor morbi vel lectus in quam fringilla rhoncus
2,64,in hac habitasse platea dictumst maecenas ut massa quis augue luctus
4,501,facilisi cras non velit nec nisi vulputate nonummy
1,680,vitae quam suspendisse potenti nullam porttitor lacus at turpis donec
2,797,ut blandit non interdum in ante vestibulum ante ipsum primis
4,417,lacus curabitur at ipsum ac tellus semper interdum mauris ullamcorper purus sit
1,110,amet cursus id turpis integer aliquet massa id lobortis convallis
2,320,eu tincidunt in leo maecenas pulvinar lobortis est phasellus sit amet
4,519,sed justo pellentesque viverra pede ac diam cras
1,380,ut massa quis augue luctus tincidunt nulla mollis molestie lorem quisque ut
2,716,est congue elementum in hac habitasse platea dictumst morbi vestibulum velit
4,136,vestibulum ante ipsum primis in faucibus orci luctus et ultrices posuere cubilia curae
1,688,enim sit amet nunc viverra dapibus nulla suscipit ligula in
2,719,eu mi nulla ac enim in tempor turpis
4,357,justo maecenas rhoncus aliquam lacus morbi quis tortor
1,165,accumsan odio curabitur convallis duis consequat dui nec nisi volutpat eleifend
2,877,metus sapien ut nunc vestibulum ante ipsum primis in faucibus orci luctus
4,236,sollicitudin mi sit amet lobortis sapien sapien non mi integer
1,585,non quam nec dui luctus rutrum nulla tellus in sagittis
2,876,vestibulum ante ipsum primis in faucibus orci luctus et ultrices
4,922,est risus auctor sed tristique in tempus sit amet
1,563,semper rutrum nulla nunc purus phasellus in felis donec semper sapien a libero
2,43,luctus et ultrices posuere cubilia curae duis faucibus accumsan odio
4,988,ornare imperdiet sapien urna pretium nisl ut volutpat sapien arcu sed augue aliquam erat volutpat
1,262,diam neque vestibulum eget vulputate ut ultrices vel augue vestibulum ante ipsum primis
2,445,augue aliquam erat volutpat in congue etiam justo etiam pretium iaculis justo in
4,776,tempor convallis nulla neque libero convallis eget eleifend luctus ultricies eu nibh quisque id
1,435,mauris laoreet ut rhoncus aliquet pulvinar sed nisl nunc rhoncus
2,88,lacinia sapien quis libero nullam sit amet turpis elementum ligula vehicula consequat morbi a
4,8,amet nulla quisque arcu libero rutrum ac lobortis vel dapibus
1,317,tincidunt eu felis fusce posuere felis sed lacus morbi sem mauris laoreet ut
2,411,volutpat erat quisque erat eros viverra eget congue eget semper
4,246,nunc vestibulum ante ipsum primis in faucibus
1,81,in lectus pellentesque at nulla suspendisse potenti
2,412,tincidunt eget tempus vel pede morbi porttitor lorem id ligula suspendisse ornare
4,10,ut suscipit a feugiat et eros vestibulum
1,299,nascetur ridiculus mus vivamus vestibulum sagittis sapien cum sociis natoque
2,284,pede justo lacinia eget tincidunt eget tempus vel pede morbi porttitor
4,332,rutrum nulla nunc purus phasellus in felis donec semper sapien a libero nam dui
1,158,tellus semper interdum mauris ullamcorper purus sit amet nulla quisque arcu libero rutrum
2,317,vel accumsan tellus nisi eu orci mauris lacinia sapien quis libero nullam sit amet turpis
4,213,nibh in lectus pellentesque at nulla suspendisse potenti cras in purus eu magna
1,266,pharetra magna vestibulum aliquet ultrices erat tortor sollicitudin mi sit amet lobortis sapien
2,703,justo pellentesque viverra pede ac diam cras pellentesque volutpat dui maecenas tristique
4,179,vestibulum ante ipsum primis in faucibus orci luctus et ultrices posuere
1,784,ante ipsum primis in faucibus orci luctus et
2,253,amet consectetuer adipiscing elit proin interdum mauris
4,181,sollicitudin mi sit amet lobortis sapien sapien
1,500,vulputate vitae nisl aenean lectus pellentesque eget nunc donec quis orci eget orci vehicula
2,520,porta volutpat erat quisque erat eros viverra eget congue eget semper rutrum nulla
4,445,lacinia sapien quis libero nullam sit amet turpis
1,326,tempus vel pede morbi porttitor lorem id ligula suspendisse ornare consequat lectus
2,700,augue vestibulum rutrum rutrum neque aenean auctor gravida sem
4,23,tincidunt eget tempus vel pede morbi porttitor lorem id ligula suspendisse ornare consequat lectus in
1,179,quis orci nullam molestie nibh in lectus pellentesque at nulla suspendisse potenti
2,319,integer non velit donec diam neque vestibulum eget
4,611,iaculis congue vivamus metus arcu adipiscing molestie hendrerit at vulputate vitae nisl aenean lectus pellentesque
1,5,porta volutpat quam pede lobortis ligula sit amet eleifend pede libero quis orci
2,453,vestibulum sed magna at nunc commodo placerat praesent blandit nam
4,193,eu nibh quisque id justo sit amet sapien dignissim vestibulum vestibulum ante ipsum primis
1,190,sit amet nunc viverra dapibus nulla suscipit
2,152,quis lectus suspendisse potenti in eleifend quam a odio in hac habitasse
4,709,id mauris vulputate elementum nullam varius nulla facilisi
1,838,aliquam erat volutpat in congue etiam justo
2,323,et ultrices posuere cubilia curae nulla dapibus
4,123,duis consequat dui nec nisi volutpat eleifend donec ut dolor morbi vel lectus
1,949,ac est lacinia nisi venenatis tristique fusce congue diam id ornare imperdiet sapien urna pretium
2,723,nulla tellus in sagittis dui vel nisl duis ac nibh fusce lacus purus aliquet at
4,162,in imperdiet et commodo vulputate justo in blandit ultrices
1,329,magna bibendum imperdiet nullam orci pede venenatis non sodales sed tincidunt eu felis
2,709,etiam vel augue vestibulum rutrum rutrum neque aenean auctor gravida sem praesent id
4,336,enim blandit mi in porttitor pede justo eu massa donec dapibus duis
1,802,in eleifend quam a odio in hac habitasse
2,19,sapien arcu sed augue aliquam erat volutpat in congue etiam justo etiam
4,591,habitasse platea dictumst etiam faucibus cursus urna ut tellus nulla ut erat
1,352,natoque penatibus et magnis dis parturient montes nascetur ridiculus mus
2,791,porttitor lorem id ligula suspendisse ornare consequat lectus in est risus auctor sed tristique
4,146,tristique est et tempus semper est quam pharetra magna ac consequat metus sapien ut
1,502,in imperdiet et commodo vulputate justo in blandit ultrices
2,532,duis faucibus accumsan odio curabitur convallis duis consequat dui
4,191,morbi porttitor lorem id ligula suspendisse ornare consequat
1,260,risus dapibus augue vel accumsan tellus nisi eu orci mauris lacinia sapien quis libero
2,677,faucibus orci luctus et ultrices posuere cubilia curae donec pharetra magna vestibulum aliquet
4,381,at ipsum ac tellus semper interdum mauris
1,180,in hac habitasse platea dictumst morbi vestibulum
2,39,sed accumsan felis ut at dolor quis odio consequat varius integer
4,93,donec ut mauris eget massa tempor convallis nulla neque
1,904,risus praesent lectus vestibulum quam sapien varius ut blandit non interdum in
2,703,lacus curabitur at ipsum ac tellus semper interdum
4,403,nisi vulputate nonummy maecenas tincidunt lacus at velit vivamus vel nulla
1,162,justo sit amet sapien dignissim vestibulum vestibulum ante ipsum primis in faucibus orci
2,957,in felis eu sapien cursus vestibulum proin eu mi
4,725,molestie nibh in lectus pellentesque at nulla suspendisse potenti cras in purus eu magna
1,353,diam erat fermentum justo nec condimentum neque sapien placerat ante
2,442,blandit non interdum in ante vestibulum ante ipsum primis in faucibus orci luctus
4,130,aliquet at feugiat non pretium quis lectus
1,168,sapien cum sociis natoque penatibus et magnis dis parturient montes nascetur
2,804,et magnis dis parturient montes nascetur ridiculus mus etiam vel augue vestibulum
4,417,nisl nunc rhoncus dui vel sem sed sagittis
1,991,sed ante vivamus tortor duis mattis egestas metus aenean fermentum donec ut mauris
2,917,phasellus sit amet erat nulla tempus vivamus in felis
4,221,phasellus sit amet erat nulla tempus vivamus in felis eu sapien cursus vestibulum proin
1,46,phasellus in felis donec semper sapien a libero nam
2,462,in eleifend quam a odio in hac habitasse platea dictumst maecenas ut
4,163,lorem id ligula suspendisse ornare consequat lectus
1,676,bibendum felis sed interdum venenatis turpis enim blandit mi
2,196,commodo vulputate justo in blandit ultrices enim
4,606,lacus morbi quis tortor id nulla ultrices
1,811,duis ac nibh fusce lacus purus aliquet at feugiat non pretium quis lectus suspendisse potenti
2,462,augue luctus tincidunt nulla mollis molestie lorem quisque ut erat
4,30,turpis elementum ligula vehicula consequat morbi a ipsum integer a nibh in quis justo
1,675,tortor id nulla ultrices aliquet maecenas leo odio condimentum id luctus nec molestie
2,45,bibendum morbi non quam nec dui luctus rutrum nulla tellus in sagittis
4,881,diam vitae quam suspendisse potenti nullam porttitor lacus at turpis donec posuere metus
1,190,morbi vestibulum velit id pretium iaculis diam
2,917,odio in hac habitasse platea dictumst maecenas ut
4,217,ac est lacinia nisi venenatis tristique fusce congue diam
1,965,donec pharetra magna vestibulum aliquet ultrices erat tortor sollicitudin mi
2,509,primis in faucibus orci luctus et ultrices posuere cubilia curae donec
4,41,in blandit ultrices enim lorem ipsum dolor sit amet
1,96,rhoncus aliquam lacus morbi quis tortor id nulla ultrices aliquet maecenas leo odio condimentum id
2,350,natoque penatibus et magnis dis parturient montes nascetur
4,818,magnis dis parturient montes nascetur ridiculus mus etiam
1,160,nullam porttitor lacus at turpis donec posuere metus vitae ipsum
2,205,vitae nisi nam ultrices libero non mattis pulvinar
4,165,morbi vestibulum velit id pretium iaculis diam erat fermentum justo nec condimentum neque sapien placerat
1,949,eget tempus vel pede morbi porttitor lorem id ligula suspendisse ornare consequat lectus
2,4,varius nulla facilisi cras non velit nec nisi vulputate nonummy maecenas tincidunt lacus at velit
4,981,a nibh in quis justo maecenas rhoncus aliquam lacus morbi quis tortor id nulla
1,269,sed tincidunt eu felis fusce posuere felis sed lacus morbi sem mauris laoreet ut rhoncus
2,225,aliquam non mauris morbi non lectus aliquam sit
4,83,nulla quisque arcu libero rutrum ac lobortis vel dapibus at diam nam
1,63,lorem ipsum dolor sit amet consectetuer adipiscing elit proin
2,654,imperdiet et commodo vulputate justo in blandit ultrices enim lorem ipsum dolor sit amet consectetuer
4,927,eu orci mauris lacinia sapien quis libero nullam sit amet turpis
1,47,sed tincidunt eu felis fusce posuere felis sed lacus morbi sem mauris laoreet ut
2,423,vestibulum sit amet cursus id turpis integer aliquet massa id lobortis convallis tortor risus
4,19,odio justo sollicitudin ut suscipit a feugiat et eros vestibulum ac est
1,766,tellus nulla ut erat id mauris vulputate
2,384,mauris ullamcorper purus sit amet nulla quisque arcu libero rutrum ac lobortis
4,660,sapien urna pretium nisl ut volutpat sapien arcu sed augue
1,872,vestibulum velit id pretium iaculis diam erat
2,542,risus auctor sed tristique in tempus sit amet sem fusce consequat nulla nisl
4,130,metus vitae ipsum aliquam non mauris morbi non lectus aliquam
1,6,amet cursus id turpis integer aliquet massa id lobortis convallis tortor risus dapibus augue vel
2,581,ante ipsum primis in faucibus orci luctus et ultrices posuere cubilia curae
4,376,quam nec dui luctus rutrum nulla tellus in
1,537,pede morbi porttitor lorem id ligula suspendisse ornare consequat lectus in est risus auctor sed
2,923,interdum in ante vestibulum ante ipsum primis in faucibus orci luctus et ultrices posuere cubilia
4,796,quis justo maecenas rhoncus aliquam lacus morbi quis tortor id nulla ultrices aliquet maecenas leo
1,545,vivamus vel nulla eget eros elementum pellentesque quisque porta volutpat erat quisque erat eros viverra
2,215,turpis nec euismod scelerisque quam turpis adipiscing lorem vitae
4,126,at vulputate vitae nisl aenean lectus pellentesque eget nunc donec quis orci eget orci vehicula
1,913,semper interdum mauris ullamcorper purus sit amet nulla quisque arcu libero rutrum ac lobortis
2,626,imperdiet sapien urna pretium nisl ut volutpat sapien arcu
4,383,in consequat ut nulla sed accumsan felis ut
1,953,faucibus cursus urna ut tellus nulla ut erat id mauris vulputate elementum nullam varius
2,788,mauris vulputate elementum nullam varius nulla facilisi cras
4,817,tincidunt in leo maecenas pulvinar lobortis est phasellus sit amet erat nulla tempus vivamus
1,974,nunc viverra dapibus nulla suscipit ligula in lacus curabitur at ipsum ac tellus
2,4,ac diam cras pellentesque volutpat dui maecenas tristique
4,2,curae mauris viverra diam vitae quam suspendisse potenti nullam porttitor lacus at turpis donec
1,469,in hac habitasse platea dictumst maecenas ut massa quis augue luctus tincidunt nulla mollis
2,11,porta volutpat erat quisque erat eros viverra eget congue eget semper rutrum nulla nunc purus
4,973,sed vestibulum sit amet cursus id turpis integer aliquet massa id lobortis
1,995,sit amet lobortis sapien sapien non mi integer
2,681,accumsan felis ut at dolor quis odio consequat varius integer
4,216,justo aliquam quis turpis eget elit sodales
1,404,quisque arcu libero rutrum ac lobortis vel
2,54,integer pede justo lacinia eget tincidunt eget
4,501,odio porttitor id consequat in consequat ut nulla
1,500,ultrices enim lorem ipsum dolor sit amet consectetuer adipiscing elit proin
2,702,convallis morbi odio odio elementum eu interdum eu tincidunt
4,495,in blandit ultrices enim lorem ipsum dolor sit amet consectetuer adipiscing elit
1,261,leo pellentesque ultrices mattis odio donec vitae nisi nam ultrices libero
2,993,justo maecenas rhoncus aliquam lacus morbi quis tortor
4,83,nisl duis bibendum felis sed interdum venenatis turpis enim blandit
1,723,quisque porta volutpat erat quisque erat eros viverra
2,954,vel pede morbi porttitor lorem id ligula suspendisse ornare consequat lectus in est risus auctor
4,362,iaculis congue vivamus metus arcu adipiscing molestie hendrerit at vulputate
1,939,consequat dui nec nisi volutpat eleifend donec ut dolor morbi vel lectus in
2,657,nulla ultrices aliquet maecenas leo odio condimentum id luctus nec molestie sed justo
4,33,tincidunt lacus at velit vivamus vel nulla eget eros elementum pellentesque quisque porta
1,505,fusce consequat nulla nisl nunc nisl duis bibendum
2,275,vestibulum sed magna at nunc commodo placerat praesent blandit nam
4,745,phasellus sit amet erat nulla tempus vivamus in felis eu sapien cursus vestibulum proin
1,165,in hac habitasse platea dictumst maecenas ut massa
2,616,in magna bibendum imperdiet nullam orci pede venenatis non sodales sed tincidunt eu felis
4,628,suspendisse accumsan tortor quis turpis sed ante vivamus tortor duis mattis egestas metus aenean
1,652,sem sed sagittis nam congue risus semper porta volutpat quam pede lobortis
2,743,augue aliquam erat volutpat in congue etiam
4,287,phasellus sit amet erat nulla tempus vivamus in felis
1,293,cursus id turpis integer aliquet massa id lobortis convallis tortor risus dapibus
2,252,suspendisse ornare consequat lectus in est risus auctor sed tristique in tempus sit amet
4,919,ullamcorper augue a suscipit nulla elit ac nulla sed
1,676,donec ut mauris eget massa tempor convallis nulla neque
2,899,in est risus auctor sed tristique in tempus sit amet sem fusce consequat
4,284,aenean fermentum donec ut mauris eget massa
1,140,bibendum morbi non quam nec dui luctus rutrum nulla tellus in
2,133,eu interdum eu tincidunt in leo maecenas pulvinar lobortis est phasellus sit amet erat
4,168,non velit nec nisi vulputate nonummy maecenas tincidunt lacus at velit vivamus vel
1,776,libero non mattis pulvinar nulla pede ullamcorper augue
2,52,sed vel enim sit amet nunc viverra dapibus nulla suscipit ligula in lacus curabitur
4,375,ante nulla justo aliquam quis turpis eget elit
1,505,ut nulla sed accumsan felis ut at dolor quis odio
2,843,diam erat fermentum justo nec condimentum neque sapien placerat ante nulla justo
4,408,sed interdum venenatis turpis enim blandit mi in porttitor pede justo eu
1,223,eu nibh quisque id justo sit amet sapien
2,373,convallis duis consequat dui nec nisi volutpat eleifend donec ut dolor morbi vel lectus
4,801,quam pharetra magna ac consequat metus sapien ut nunc vestibulum ante ipsum primis in faucibus
1,229,massa donec dapibus duis at velit eu est congue elementum in hac habitasse
2,60,sapien arcu sed augue aliquam erat volutpat in congue etiam
4,385,commodo placerat praesent blandit nam nulla integer pede justo lacinia eget tincidunt eget
1,336,nisi venenatis tristique fusce congue diam id ornare imperdiet sapien
2,637,tristique est et tempus semper est quam
4,367,morbi vestibulum velit id pretium iaculis diam erat fermentum justo nec condimentum neque sapien placerat
1,71,luctus tincidunt nulla mollis molestie lorem quisque ut erat curabitur gravida nisi
2,134,in magna bibendum imperdiet nullam orci pede venenatis non sodales sed tincidunt eu felis fusce
4,175,maecenas rhoncus aliquam lacus morbi quis tortor id
1,719,sed ante vivamus tortor duis mattis egestas metus aenean fermentum donec ut mauris eget massa
2,933,consectetuer adipiscing elit proin interdum mauris non ligula pellentesque ultrices
4,684,luctus cum sociis natoque penatibus et magnis dis parturient montes nascetur ridiculus mus vivamus vestibulum
1,726,mattis egestas metus aenean fermentum donec ut mauris eget
2,66,ut dolor morbi vel lectus in quam fringilla rhoncus mauris enim leo rhoncus sed
4,631,hac habitasse platea dictumst etiam faucibus cursus urna ut tellus nulla
1,241,aenean fermentum donec ut mauris eget massa
2,982,non ligula pellentesque ultrices phasellus id sapien
4,361,felis eu sapien cursus vestibulum proin eu mi nulla ac enim
1,139,nec condimentum neque sapien placerat ante nulla justo aliquam quis
2,729,sit amet turpis elementum ligula vehicula consequat morbi a ipsum integer a nibh
4,272,nascetur ridiculus mus etiam vel augue vestibulum rutrum rutrum neque aenean auctor
1,346,praesent blandit nam nulla integer pede justo lacinia eget tincidunt eget tempus
2,172,vel est donec odio justo sollicitudin ut suscipit a
4,336,platea dictumst morbi vestibulum velit id pretium iaculis diam erat fermentum
1,584,ante vivamus tortor duis mattis egestas metus aenean fermentum donec ut
2,586,lacus at velit vivamus vel nulla eget eros elementum pellentesque quisque porta volutpat erat quisque
4,913,suscipit ligula in lacus curabitur at ipsum ac tellus
1,317,nisl aenean lectus pellentesque eget nunc donec
2,29,diam cras pellentesque volutpat dui maecenas tristique
4,843,venenatis non sodales sed tincidunt eu felis fusce posuere felis sed
1,492,accumsan tellus nisi eu orci mauris lacinia sapien
2,671,volutpat dui maecenas tristique est et tempus
4,313,ultrices posuere cubilia curae mauris viverra diam
1,179,lacus morbi quis tortor id nulla ultrices aliquet maecenas leo odio
2,55,aliquet massa id lobortis convallis tortor risus dapibus augue vel accumsan tellus
4,588,primis in faucibus orci luctus et ultrices posuere cubilia curae donec pharetra magna
1,529,duis at velit eu est congue elementum in
2,271,nulla nisl nunc nisl duis bibendum felis sed interdum venenatis turpis enim blandit mi
4,151,ac leo pellentesque ultrices mattis odio donec vitae nisi nam ultrices
1,17,suspendisse potenti nullam porttitor lacus at turpis donec posuere metus
2,607,dictumst etiam faucibus cursus urna ut tellus nulla ut erat id mauris vulputate
4,961,erat curabitur gravida nisi at nibh in hac habitasse
1,341,leo odio porttitor id consequat in consequat ut nulla sed
2,861,luctus tincidunt nulla mollis molestie lorem quisque ut erat
4,637,iaculis diam erat fermentum justo nec condimentum neque sapien placerat ante nulla justo
1,232,vel sem sed sagittis nam congue risus
2,241,dapibus dolor vel est donec odio justo sollicitudin ut suscipit a feugiat
4,245,congue eget semper rutrum nulla nunc purus phasellus in felis donec semper sapien a
1,961,quam pharetra magna ac consequat metus sapien ut nunc
2,337,ullamcorper purus sit amet nulla quisque arcu libero rutrum
4,331,nulla tempus vivamus in felis eu sapien cursus
1,203,risus auctor sed tristique in tempus sit amet sem fusce consequat nulla nisl nunc nisl
2,170,ultrices erat tortor sollicitudin mi sit amet
4,947,tortor quis turpis sed ante vivamus tortor duis
1,563,magna vulputate luctus cum sociis natoque penatibus et magnis dis parturient montes nascetur ridiculus
2,267,phasellus id sapien in sapien iaculis congue vivamus metus
4,343,nisl nunc nisl duis bibendum felis sed interdum venenatis turpis
1,463,vel ipsum praesent blandit lacinia erat vestibulum sed magna at nunc commodo
2,884,porta volutpat erat quisque erat eros viverra eget congue
4,901,velit vivamus vel nulla eget eros elementum pellentesque quisque porta volutpat erat quisque
1,808,lacinia nisi venenatis tristique fusce congue diam id
2,820,cum sociis natoque penatibus et magnis dis parturient montes nascetur ridiculus mus etiam vel augue
4,193,purus aliquet at feugiat non pretium quis lectus suspendisse potenti in eleifend quam
1,359,at velit vivamus vel nulla eget eros elementum pellentesque quisque porta volutpat erat
2,622,turpis adipiscing lorem vitae mattis nibh ligula nec sem duis
4,652,vulputate luctus cum sociis natoque penatibus et
1,761,turpis eget elit sodales scelerisque mauris sit amet eros suspendisse accumsan tortor quis turpis
2,996,sit amet nulla quisque arcu libero rutrum ac lobortis
4,419,phasellus sit amet erat nulla tempus vivamus in
1,368,in hac habitasse platea dictumst etiam faucibus cursus urna ut tellus nulla
2,735,id turpis integer aliquet massa id lobortis convallis
4,415,sapien ut nunc vestibulum ante ipsum primis in faucibus orci
1,74,mauris sit amet eros suspendisse accumsan tortor
2,877,viverra pede ac diam cras pellentesque volutpat dui maecenas tristique
4,811,id mauris vulputate elementum nullam varius nulla facilisi
1,164,lorem ipsum dolor sit amet consectetuer adipiscing elit proin interdum mauris non ligula pellentesque
2,430,et ultrices posuere cubilia curae mauris viverra
4,869,morbi a ipsum integer a nibh in quis justo maecenas
1,311,fusce consequat nulla nisl nunc nisl duis bibendum felis sed interdum venenatis turpis enim
2,254,donec ut mauris eget massa tempor convallis nulla neque libero
4,460,cubilia curae duis faucibus accumsan odio curabitur convallis
1,121,mattis nibh ligula nec sem duis aliquam convallis nunc proin
2,505,aliquet at feugiat non pretium quis lectus suspendisse potenti in eleifend quam a
4,113,at turpis a pede posuere nonummy integer non velit donec diam neque vestibulum eget
1,828,ac enim in tempor turpis nec euismod scelerisque
2,535,lectus in est risus auctor sed tristique in tempus sit amet sem
4,154,luctus ultricies eu nibh quisque id justo sit amet sapien dignissim vestibulum vestibulum
1,366,vitae quam suspendisse potenti nullam porttitor lacus at turpis donec posuere metus vitae ipsum
2,544,curabitur convallis duis consequat dui nec nisi volutpat eleifend donec ut dolor
4,498,felis donec semper sapien a libero nam dui proin leo odio porttitor id
1,98,sapien cursus vestibulum proin eu mi nulla ac enim in
2,227,vestibulum vestibulum ante ipsum primis in faucibus orci luctus et ultrices posuere cubilia
4,439,ac est lacinia nisi venenatis tristique fusce congue diam id
1,76,velit vivamus vel nulla eget eros elementum pellentesque quisque
2,107,maecenas leo odio condimentum id luctus nec molestie
4,955,in imperdiet et commodo vulputate justo in blandit ultrices enim lorem ipsum
1,210,quis turpis sed ante vivamus tortor duis mattis egestas metus aenean fermentum donec
2,608,vitae consectetuer eget rutrum at lorem integer tincidunt ante vel ipsum praesent blandit lacinia
4,861,non mattis pulvinar nulla pede ullamcorper augue a suscipit nulla elit ac nulla sed vel
1,671,ultrices enim lorem ipsum dolor sit amet consectetuer adipiscing elit
2,206,tellus in sagittis dui vel nisl duis ac nibh
4,412,platea dictumst morbi vestibulum velit id pretium iaculis diam erat fermentum justo nec condimentum
1,731,sapien non mi integer ac neque duis bibendum morbi
2,22,augue quam sollicitudin vitae consectetuer eget rutrum at lorem integer tincidunt ante vel ipsum praesent
4,857,integer a nibh in quis justo maecenas rhoncus aliquam lacus morbi
1,39,ipsum dolor sit amet consectetuer adipiscing elit proin interdum mauris non
2,156,ac est lacinia nisi venenatis tristique fusce congue diam id ornare imperdiet sapien urna pretium
4,517,praesent blandit nam nulla integer pede justo lacinia eget
1,566,sapien iaculis congue vivamus metus arcu adipiscing molestie hendrerit at vulputate vitae nisl aenean
2,726,vitae consectetuer eget rutrum at lorem integer tincidunt
4,298,convallis tortor risus dapibus augue vel accumsan
1,211,vestibulum ante ipsum primis in faucibus orci luctus et ultrices posuere cubilia curae duis faucibus
2,304,eget eleifend luctus ultricies eu nibh quisque id justo sit
4,237,libero quis orci nullam molestie nibh in lectus pellentesque at nulla suspendisse potenti cras in
1,569,platea dictumst morbi vestibulum velit id pretium iaculis diam erat
2,170,nullam varius nulla facilisi cras non velit nec nisi vulputate
4,277,sem fusce consequat nulla nisl nunc nisl duis bibendum felis sed interdum venenatis
1,574,proin eu mi nulla ac enim in tempor turpis
2,589,pellentesque eget nunc donec quis orci eget orci vehicula
4,882,curabitur at ipsum ac tellus semper interdum mauris ullamcorper purus
1,125,nonummy integer non velit donec diam neque vestibulum eget vulputate ut ultrices vel augue vestibulum
2,840,vivamus tortor duis mattis egestas metus aenean fermentum donec ut mauris eget
4,391,suspendisse potenti nullam porttitor lacus at turpis donec posuere metus vitae ipsum aliquam
1,599,sapien quis libero nullam sit amet turpis elementum ligula vehicula consequat morbi
2,361,molestie sed justo pellentesque viverra pede ac diam
4,856,elementum nullam varius nulla facilisi cras non velit
1,948,magnis dis parturient montes nascetur ridiculus mus etiam vel augue vestibulum rutrum rutrum
2,922,tortor sollicitudin mi sit amet lobortis sapien
4,20,massa tempor convallis nulla neque libero convallis eget eleifend luctus ultricies eu nibh
1,969,tincidunt eu felis fusce posuere felis sed lacus morbi sem
2,648,ut blandit non interdum in ante vestibulum ante ipsum primis in faucibus orci
4,850,ultrices mattis odio donec vitae nisi nam ultrices libero non mattis pulvinar nulla
1,984,mauris viverra diam vitae quam suspendisse potenti nullam porttitor lacus at turpis donec
2,539,nullam varius nulla facilisi cras non velit nec nisi vulputate
4,305,sagittis sapien cum sociis natoque penatibus et magnis dis parturient montes nascetur ridiculus
1,833,convallis nunc proin at turpis a pede posuere nonummy integer non velit donec diam neque
2,484,rutrum nulla tellus in sagittis dui vel nisl duis ac nibh fusce lacus
4,339,in magna bibendum imperdiet nullam orci pede venenatis non sodales sed tincidunt
1,850,laoreet ut rhoncus aliquet pulvinar sed nisl nunc rhoncus dui vel sem sed
2,326,morbi sem mauris laoreet ut rhoncus aliquet pulvinar sed nisl nunc
4,304,aliquam non mauris morbi non lectus aliquam sit
1,568,id sapien in sapien iaculis congue vivamus metus arcu adipiscing
2,979,amet justo morbi ut odio cras mi pede malesuada in imperdiet
4,10,in congue etiam justo etiam pretium iaculis justo in hac habitasse platea dictumst
1,130,molestie sed justo pellentesque viverra pede ac diam cras pellentesque volutpat dui maecenas tristique
2,967,habitasse platea dictumst aliquam augue quam sollicitudin vitae consectetuer eget
4,747,nulla ac enim in tempor turpis nec euismod scelerisque quam turpis
1,756,sed tincidunt eu felis fusce posuere felis sed lacus morbi sem mauris laoreet ut rhoncus
2,693,molestie nibh in lectus pellentesque at nulla suspendisse potenti cras
4,261,ut erat curabitur gravida nisi at nibh in
1,645,tortor quis turpis sed ante vivamus tortor
2,821,eleifend luctus ultricies eu nibh quisque id justo sit amet sapien dignissim vestibulum vestibulum ante
4,444,eget congue eget semper rutrum nulla nunc purus phasellus in
1,842,est congue elementum in hac habitasse platea dictumst
2,501,pulvinar sed nisl nunc rhoncus dui vel sem sed sagittis
4,489,penatibus et magnis dis parturient montes nascetur ridiculus mus etiam vel augue
1,414,suspendisse potenti in eleifend quam a odio in hac habitasse platea dictumst maecenas ut massa
2,820,curabitur gravida nisi at nibh in hac habitasse platea dictumst aliquam augue
4,381,posuere cubilia curae duis faucibus accumsan odio curabitur convallis duis
1,390,posuere cubilia curae nulla dapibus dolor vel est
2,605,habitasse platea dictumst etiam faucibus cursus urna ut tellus
4,8,sollicitudin ut suscipit a feugiat et eros vestibulum ac
1,220,nisl venenatis lacinia aenean sit amet justo
2,513,nulla sed vel enim sit amet nunc viverra dapibus nulla suscipit ligula in
4,967,rutrum nulla nunc purus phasellus in felis donec semper sapien a libero nam
1,573,lacus purus aliquet at feugiat non pretium quis lectus
2,207,leo rhoncus sed vestibulum sit amet cursus
4,744,massa tempor convallis nulla neque libero convallis eget eleifend luctus ultricies eu
1,675,ultrices mattis odio donec vitae nisi nam
2,351,enim lorem ipsum dolor sit amet consectetuer adipiscing elit proin interdum mauris non
4,135,at nunc commodo placerat praesent blandit nam nulla integer pede justo lacinia eget tincidunt
1,129,ut ultrices vel augue vestibulum ante ipsum primis in faucibus orci luctus et ultrices
2,549,quis lectus suspendisse potenti in eleifend quam a odio
4,465,dui vel nisl duis ac nibh fusce lacus purus aliquet at feugiat
1,383,ut rhoncus aliquet pulvinar sed nisl nunc
2,335,pellentesque ultrices mattis odio donec vitae nisi nam ultrices libero non mattis
4,156,sapien cum sociis natoque penatibus et magnis dis parturient montes nascetur
1,838,congue elementum in hac habitasse platea dictumst morbi vestibulum
2,170,id mauris vulputate elementum nullam varius nulla facilisi cras non velit
4,396,cum sociis natoque penatibus et magnis dis parturient montes nascetur ridiculus mus etiam
1,864,nisl duis ac nibh fusce lacus purus aliquet at feugiat non pretium quis lectus suspendisse
2,780,ac nulla sed vel enim sit amet nunc viverra dapibus nulla suscipit ligula
4,257,ornare imperdiet sapien urna pretium nisl ut volutpat sapien arcu sed
1,935,magnis dis parturient montes nascetur ridiculus mus
2,441,quis orci eget orci vehicula condimentum curabitur in libero ut massa
4,830,tempus semper est quam pharetra magna ac consequat metus sapien ut nunc vestibulum
1,51,maecenas pulvinar lobortis est phasellus sit amet erat nulla tempus vivamus in felis
2,605,a suscipit nulla elit ac nulla sed
4,961,adipiscing elit proin interdum mauris non ligula pellentesque ultrices phasellus id sapien in
1,571,primis in faucibus orci luctus et ultrices posuere cubilia curae donec pharetra
2,866,fringilla rhoncus mauris enim leo rhoncus sed vestibulum sit amet cursus id turpis
4,694,duis bibendum morbi non quam nec dui luctus rutrum nulla tellus
1,331,sed accumsan felis ut at dolor quis odio consequat varius
2,996,diam erat fermentum justo nec condimentum neque
4,333,eu interdum eu tincidunt in leo maecenas pulvinar lobortis est phasellus sit amet erat nulla
1,100,iaculis justo in hac habitasse platea dictumst etiam faucibus cursus
2,607,sed augue aliquam erat volutpat in congue etiam justo etiam pretium iaculis justo
4,151,enim blandit mi in porttitor pede justo eu massa donec dapibus duis at velit eu
1,712,in hac habitasse platea dictumst maecenas ut massa quis augue
2,864,sollicitudin vitae consectetuer eget rutrum at lorem integer tincidunt
4,123,eu sapien cursus vestibulum proin eu mi nulla ac enim in tempor
1,983,nec euismod scelerisque quam turpis adipiscing lorem vitae mattis nibh
2,639,ornare consequat lectus in est risus auctor sed tristique in tempus sit amet sem fusce
4,712,pede justo eu massa donec dapibus duis at
1,129,odio odio elementum eu interdum eu tincidunt in leo maecenas pulvinar lobortis est phasellus sit
2,646,ipsum aliquam non mauris morbi non lectus aliquam sit amet diam
4,910,tincidunt eget tempus vel pede morbi porttitor lorem id ligula
1,856,in est risus auctor sed tristique in tempus sit
2,100,aliquet at feugiat non pretium quis lectus suspendisse
4,616,rutrum nulla nunc purus phasellus in felis donec semper sapien a libero nam
1,503,curabitur gravida nisi at nibh in hac habitasse platea dictumst
2,535,molestie hendrerit at vulputate vitae nisl aenean lectus pellentesque eget
4,514,erat vestibulum sed magna at nunc commodo placerat praesent
1,408,duis faucibus accumsan odio curabitur convallis duis consequat dui nec
2,307,quam fringilla rhoncus mauris enim leo rhoncus sed vestibulum sit amet cursus id turpis
4,708,at lorem integer tincidunt ante vel ipsum praesent blandit lacinia erat vestibulum
1,150,leo rhoncus sed vestibulum sit amet cursus id turpis
2,89,dapibus augue vel accumsan tellus nisi eu orci mauris lacinia sapien quis libero
4,190,donec pharetra magna vestibulum aliquet ultrices erat
1,726,vel enim sit amet nunc viverra dapibus nulla suscipit
2,246,quam sollicitudin vitae consectetuer eget rutrum at lorem integer tincidunt ante vel ipsum
4,848,in libero ut massa volutpat convallis morbi odio odio elementum
1,557,orci luctus et ultrices posuere cubilia curae donec pharetra magna
2,854,ante ipsum primis in faucibus orci luctus et ultrices posuere cubilia curae donec pharetra
4,189,elementum nullam varius nulla facilisi cras non velit nec
1,944,lacinia erat vestibulum sed magna at nunc commodo placerat praesent blandit nam nulla integer pede
2,915,duis faucibus accumsan odio curabitur convallis duis consequat dui nec
4,682,diam id ornare imperdiet sapien urna pretium nisl ut volutpat
1,622,erat curabitur gravida nisi at nibh in hac
2,211,augue vestibulum ante ipsum primis in faucibus orci luctus et ultrices
4,559,porttitor id consequat in consequat ut nulla sed accumsan felis ut at dolor quis odio
1,400,faucibus cursus urna ut tellus nulla ut
2,148,proin at turpis a pede posuere nonummy integer non velit donec diam neque
4,778,nulla quisque arcu libero rutrum ac lobortis vel dapibus at diam nam tristique tortor
1,198,quam fringilla rhoncus mauris enim leo rhoncus sed vestibulum sit amet cursus
2,184,habitasse platea dictumst aliquam augue quam sollicitudin vitae consectetuer eget rutrum
4,691,elit ac nulla sed vel enim sit amet nunc viverra
1,531,erat nulla tempus vivamus in felis eu sapien cursus
2,968,in faucibus orci luctus et ultrices posuere cubilia curae mauris viverra
4,262,eget tincidunt eget tempus vel pede morbi
1,739,vitae nisi nam ultrices libero non mattis pulvinar nulla pede ullamcorper augue a suscipit
2,356,duis bibendum felis sed interdum venenatis turpis enim blandit mi in porttitor pede justo
4,302,sed tincidunt eu felis fusce posuere felis sed lacus morbi
1,610,ultrices posuere cubilia curae donec pharetra magna vestibulum aliquet ultrices erat tortor
2,731,lorem integer tincidunt ante vel ipsum praesent blandit lacinia erat vestibulum sed
4,140,etiam justo etiam pretium iaculis justo in hac habitasse platea
1,213,nisl nunc nisl duis bibendum felis sed interdum venenatis turpis enim blandit mi in
2,124,elementum ligula vehicula consequat morbi a ipsum
4,792,quisque arcu libero rutrum ac lobortis vel dapibus at diam
1,32,tempor turpis nec euismod scelerisque quam turpis adipiscing lorem vitae mattis nibh ligula nec sem
2,5,eros vestibulum ac est lacinia nisi venenatis tristique fusce congue diam id
4,344,commodo placerat praesent blandit nam nulla integer
1,658,etiam vel augue vestibulum rutrum rutrum neque aenean
2,264,congue elementum in hac habitasse platea dictumst morbi vestibulum
4,197,elit sodales scelerisque mauris sit amet eros suspendisse
1,594,in hac habitasse platea dictumst morbi vestibulum velit id pretium
2,606,ipsum primis in faucibus orci luctus et ultrices posuere cubilia curae mauris
4,689,vulputate elementum nullam varius nulla facilisi cras non velit nec
1,427,lectus in quam fringilla rhoncus mauris enim leo rhoncus
2,270,morbi vestibulum velit id pretium iaculis diam erat fermentum justo nec condimentum neque sapien placerat
4,996,in tempus sit amet sem fusce consequat nulla nisl
1,531,in faucibus orci luctus et ultrices posuere cubilia curae donec
2,395,dolor morbi vel lectus in quam fringilla rhoncus mauris enim leo rhoncus
4,198,tristique fusce congue diam id ornare imperdiet sapien urna pretium
1,92,scelerisque mauris sit amet eros suspendisse accumsan tortor quis turpis sed ante vivamus
2,657,dapibus at diam nam tristique tortor eu pede
4,863,nulla eget eros elementum pellentesque quisque porta
1,667,congue vivamus metus arcu adipiscing molestie hendrerit at
2,20,aenean auctor gravida sem praesent id massa id nisl venenatis lacinia aenean sit
4,22,turpis enim blandit mi in porttitor pede justo
1,544,tempor convallis nulla neque libero convallis eget eleifend luctus ultricies eu nibh quisque
2,335,in blandit ultrices enim lorem ipsum dolor sit amet
4,518,lacus curabitur at ipsum ac tellus semper interdum mauris ullamcorper purus sit amet
1,714,scelerisque quam turpis adipiscing lorem vitae mattis nibh ligula nec sem duis aliquam
2,6,viverra diam vitae quam suspendisse potenti nullam porttitor lacus at turpis donec posuere metus vitae
4,774,odio condimentum id luctus nec molestie sed justo
1,423,iaculis diam erat fermentum justo nec condimentum neque sapien
2,195,suspendisse ornare consequat lectus in est risus auctor sed tristique in tempus sit amet sem
4,130,nisl aenean lectus pellentesque eget nunc donec quis orci eget orci
1,487,pede justo lacinia eget tincidunt eget tempus vel
2,102,lectus in quam fringilla rhoncus mauris enim leo rhoncus sed vestibulum
4,87,erat vestibulum sed magna at nunc commodo placerat praesent blandit nam
1,279,turpis a pede posuere nonummy integer non velit donec diam neque vestibulum eget vulputate ut
2,452,donec ut dolor morbi vel lectus in
4,617,vel augue vestibulum rutrum rutrum neque aenean auctor gravida sem praesent id massa id
1,276,eu orci mauris lacinia sapien quis libero nullam sit
2,916,vel ipsum praesent blandit lacinia erat vestibulum sed
4,507,suspendisse potenti nullam porttitor lacus at turpis donec posuere metus vitae ipsum
1,885,integer aliquet massa id lobortis convallis tortor risus dapibus
2,29,vestibulum rutrum rutrum neque aenean auctor gravida
4,204,pellentesque ultrices mattis odio donec vitae nisi nam ultrices libero non mattis
1,47,viverra eget congue eget semper rutrum nulla
2,942,at nulla suspendisse potenti cras in purus eu magna
4,959,proin risus praesent lectus vestibulum quam sapien varius ut blandit non interdum in
1,341,dui nec nisi volutpat eleifend donec ut
2,338,morbi quis tortor id nulla ultrices aliquet maecenas leo odio condimentum id luctus nec
4,351,id sapien in sapien iaculis congue vivamus metus arcu adipiscing molestie hendrerit
1,930,nulla eget eros elementum pellentesque quisque porta volutpat erat quisque erat
