sponsorcontactid,tripname,tripdesc
178,Trip 2,sed tincidunt eu felis fusce posuere felis
46,Trip 3,interdum in ante vestibulum ante ipsum primis
144,Trip 4,donec ut dolor morbi vel lectus in quam fringilla rhoncus mauris enim
8,Trip 5,pede justo lacinia eget tincidunt eget tempus vel pede morbi porttitor lorem id ligula suspendisse
87,Trip 6,nullam molestie nibh in lectus pellentesque at nulla
78,Trip 7,tristique est et tempus semper est quam pharetra magna
168,Trip 8,sollicitudin mi sit amet lobortis sapien sapien non mi integer ac neque
91,Trip 9,vestibulum rutrum rutrum neque aenean auctor gravida sem praesent id massa id
84,Trip 10,velit eu est congue elementum in hac habitasse platea dictumst
66,Trip 11,est risus auctor sed tristique in tempus sit amet sem fusce
90,Trip 12,tempor convallis nulla neque libero convallis eget eleifend luctus ultricies eu nibh
68,Trip 13,penatibus et magnis dis parturient montes nascetur ridiculus mus etiam vel augue vestibulum
84,Trip 14,tortor sollicitudin mi sit amet lobortis sapien sapien non mi
189,Trip 15,odio odio elementum eu interdum eu tincidunt in leo maecenas
144,Trip 16,nulla eget eros elementum pellentesque quisque porta volutpat erat
68,Trip 17,vel pede morbi porttitor lorem id ligula suspendisse ornare consequat lectus in est
31,Trip 18,nullam orci pede venenatis non sodales sed tincidunt eu
101,Trip 19,molestie sed justo pellentesque viverra pede ac diam cras pellentesque volutpat dui maecenas tristique
171,Trip 20,potenti in eleifend quam a odio in hac habitasse
156,Trip 21,enim sit amet nunc viverra dapibus nulla suscipit ligula in lacus curabitur at ipsum
159,Trip 22,sollicitudin mi sit amet lobortis sapien sapien non mi integer ac neque duis
48,Trip 23,vel nisl duis ac nibh fusce lacus purus aliquet at feugiat non pretium quis lectus
99,Trip 24,diam erat fermentum justo nec condimentum neque sapien placerat
200,Trip 25,felis sed interdum venenatis turpis enim blandit mi
135,Trip 26,turpis integer aliquet massa id lobortis convallis tortor risus
83,Trip 27,semper interdum mauris ullamcorper purus sit amet nulla
78,Trip 28,maecenas ut massa quis augue luctus tincidunt nulla mollis molestie lorem quisque ut erat
119,Trip 29,curabitur convallis duis consequat dui nec nisi volutpat eleifend donec ut dolor morbi vel
151,Trip 30,proin at turpis a pede posuere nonummy integer non velit donec diam neque
127,Trip 31,suspendisse potenti cras in purus eu magna
103,Trip 32,pretium iaculis justo in hac habitasse platea
139,Trip 33,luctus ultricies eu nibh quisque id justo sit
103,Trip 34,proin leo odio porttitor id consequat in consequat ut nulla sed accumsan
122,Trip 35,consequat dui nec nisi volutpat eleifend donec ut dolor morbi vel lectus in quam
83,Trip 36,leo pellentesque ultrices mattis odio donec vitae
65,Trip 37,nunc commodo placerat praesent blandit nam nulla integer pede justo lacinia eget tincidunt
51,Trip 38,vel dapibus at diam nam tristique tortor eu
109,Trip 39,mauris eget massa tempor convallis nulla neque libero convallis eget eleifend luctus
160,Trip 40,ut nulla sed accumsan felis ut at dolor quis odio
127,Trip 41,faucibus orci luctus et ultrices posuere cubilia curae nulla dapibus dolor vel
94,Trip 42,sem sed sagittis nam congue risus semper
78,Trip 43,porttitor id consequat in consequat ut nulla sed accumsan felis
7,Trip 44,pellentesque at nulla suspendisse potenti cras in purus eu
101,Trip 45,vestibulum sagittis sapien cum sociis natoque penatibus et magnis
31,Trip 46,volutpat convallis morbi odio odio elementum eu interdum eu tincidunt in leo maecenas pulvinar lobortis
198,Trip 47,interdum eu tincidunt in leo maecenas pulvinar lobortis est
159,Trip 48,dui proin leo odio porttitor id consequat in consequat ut nulla sed accumsan felis ut
62,Trip 49,porttitor lorem id ligula suspendisse ornare consequat
196,Trip 50,pulvinar sed nisl nunc rhoncus dui vel sem sed sagittis nam congue risus semper porta
86,Trip 51,ac lobortis vel dapibus at diam nam tristique tortor eu
119,Trip 52,magnis dis parturient montes nascetur ridiculus mus etiam vel augue vestibulum rutrum rutrum neque aenean
28,Trip 53,proin leo odio porttitor id consequat in consequat ut
120,Trip 54,augue a suscipit nulla elit ac nulla sed vel enim sit amet
74,Trip 55,odio cras mi pede malesuada in imperdiet et
172,Trip 56,augue vel accumsan tellus nisi eu orci mauris lacinia sapien quis libero nullam
114,Trip 57,id turpis integer aliquet massa id lobortis
24,Trip 58,elementum eu interdum eu tincidunt in leo maecenas pulvinar
98,Trip 59,felis sed lacus morbi sem mauris laoreet ut rhoncus aliquet pulvinar sed nisl nunc
117,Trip 60,id luctus nec molestie sed justo pellentesque viverra pede ac
77,Trip 61,neque aenean auctor gravida sem praesent id
8,Trip 62,nam congue risus semper porta volutpat quam pede lobortis ligula sit amet eleifend pede
146,Trip 63,non pretium quis lectus suspendisse potenti in eleifend
81,Trip 64,magna vulputate luctus cum sociis natoque penatibus
191,Trip 65,tincidunt eu felis fusce posuere felis sed lacus morbi sem mauris laoreet ut rhoncus
150,Trip 66,cubilia curae donec pharetra magna vestibulum aliquet ultrices erat tortor sollicitudin mi sit
71,Trip 67,metus sapien ut nunc vestibulum ante ipsum primis in faucibus orci luctus et ultrices
6,Trip 68,ante ipsum primis in faucibus orci luctus et ultrices posuere cubilia curae
92,Trip 69,ligula pellentesque ultrices phasellus id sapien in
156,Trip 70,velit eu est congue elementum in hac habitasse platea dictumst
4,Trip 71,lorem ipsum dolor sit amet consectetuer adipiscing elit proin
65,Trip 72,aliquet at feugiat non pretium quis lectus suspendisse
18,Trip 73,rutrum ac lobortis vel dapibus at diam nam tristique tortor eu pede
176,Trip 74,odio cras mi pede malesuada in imperdiet et
77,Trip 75,ante ipsum primis in faucibus orci luctus et ultrices posuere cubilia curae donec pharetra magna
73,Trip 76,ut volutpat sapien arcu sed augue aliquam erat volutpat in
123,Trip 77,hac habitasse platea dictumst aliquam augue quam sollicitudin vitae consectetuer eget rutrum at
156,Trip 78,tristique fusce congue diam id ornare imperdiet sapien urna pretium nisl ut volutpat
131,Trip 79,vulputate luctus cum sociis natoque penatibus et magnis dis parturient montes
152,Trip 80,at velit vivamus vel nulla eget eros elementum pellentesque quisque porta volutpat
125,Trip 81,dapibus augue vel accumsan tellus nisi eu
71,Trip 82,tincidunt ante vel ipsum praesent blandit lacinia erat vestibulum sed
96,Trip 83,diam cras pellentesque volutpat dui maecenas tristique est et
38,Trip 84,nisi venenatis tristique fusce congue diam id ornare
44,Trip 85,convallis tortor risus dapibus augue vel accumsan tellus nisi
87,Trip 86,vivamus vestibulum sagittis sapien cum sociis natoque
6,Trip 87,congue diam id ornare imperdiet sapien urna pretium nisl ut
189,Trip 88,non mauris morbi non lectus aliquam sit amet diam in magna bibendum imperdiet
93,Trip 89,purus phasellus in felis donec semper sapien a
89,Trip 90,est phasellus sit amet erat nulla tempus
108,Trip 91,in consequat ut nulla sed accumsan felis ut at
37,Trip 92,nullam molestie nibh in lectus pellentesque at nulla suspendisse potenti cras in purus eu magna
128,Trip 93,pellentesque viverra pede ac diam cras pellentesque volutpat dui maecenas tristique est
29,Trip 94,felis eu sapien cursus vestibulum proin eu mi nulla ac enim
155,Trip 95,sollicitudin ut suscipit a feugiat et eros vestibulum ac
148,Trip 96,tellus nulla ut erat id mauris vulputate elementum nullam varius
100,Trip 97,vulputate nonummy maecenas tincidunt lacus at velit vivamus vel nulla eget eros elementum
96,Trip 98,potenti in eleifend quam a odio in hac habitasse platea dictumst maecenas
102,Trip 99,natoque penatibus et magnis dis parturient montes nascetur
35,Trip 100,in libero ut massa volutpat convallis morbi odio
94,Trip 101,enim sit amet nunc viverra dapibus nulla suscipit ligula in lacus curabitur
42,Trip 102,ante vel ipsum praesent blandit lacinia erat vestibulum sed magna
192,Trip 103,amet nunc viverra dapibus nulla suscipit ligula in lacus curabitur at ipsum ac tellus
190,Trip 104,at velit eu est congue elementum in hac habitasse platea dictumst morbi vestibulum
114,Trip 105,mus etiam vel augue vestibulum rutrum rutrum neque aenean auctor gravida sem
118,Trip 106,in tempor turpis nec euismod scelerisque quam turpis
88,Trip 107,nunc purus phasellus in felis donec semper sapien a libero nam dui proin
158,Trip 108,purus aliquet at feugiat non pretium quis lectus suspendisse
25,Trip 109,a suscipit nulla elit ac nulla sed vel enim sit amet nunc viverra dapibus nulla
156,Trip 110,erat nulla tempus vivamus in felis eu sapien cursus vestibulum proin eu mi nulla
123,Trip 111,pretium iaculis diam erat fermentum justo nec condimentum neque sapien placerat
94,Trip 112,blandit non interdum in ante vestibulum ante ipsum primis in faucibus orci luctus
64,Trip 113,vel pede morbi porttitor lorem id ligula suspendisse ornare consequat lectus
116,Trip 114,vitae nisi nam ultrices libero non mattis pulvinar nulla pede ullamcorper augue a suscipit
153,Trip 115,aliquam lacus morbi quis tortor id nulla ultrices aliquet maecenas leo odio condimentum id luctus
136,Trip 116,amet eros suspendisse accumsan tortor quis turpis sed ante
178,Trip 117,tellus nisi eu orci mauris lacinia sapien quis libero nullam sit amet
127,Trip 118,morbi ut odio cras mi pede malesuada in imperdiet et commodo vulputate justo
195,Trip 119,mauris lacinia sapien quis libero nullam sit amet turpis
119,Trip 120,quis tortor id nulla ultrices aliquet maecenas leo odio condimentum id luctus nec
14,Trip 121,accumsan odio curabitur convallis duis consequat dui nec nisi volutpat eleifend donec ut dolor
98,Trip 122,nec sem duis aliquam convallis nunc proin at turpis a pede posuere nonummy
142,Trip 123,odio porttitor id consequat in consequat ut
133,Trip 124,quam pede lobortis ligula sit amet eleifend pede libero quis orci nullam
89,Trip 125,a feugiat et eros vestibulum ac est lacinia nisi venenatis tristique fusce
89,Trip 126,fusce posuere felis sed lacus morbi sem mauris laoreet ut rhoncus aliquet pulvinar sed
113,Trip 127,primis in faucibus orci luctus et ultrices posuere cubilia curae nulla dapibus dolor
197,Trip 128,quam nec dui luctus rutrum nulla tellus in sagittis dui vel nisl duis ac
167,Trip 129,sem fusce consequat nulla nisl nunc nisl duis
154,Trip 130,eget tincidunt eget tempus vel pede morbi porttitor lorem id
189,Trip 131,lacinia eget tincidunt eget tempus vel pede morbi porttitor lorem id ligula suspendisse ornare
88,Trip 132,ante ipsum primis in faucibus orci luctus et ultrices posuere cubilia curae donec pharetra magna
77,Trip 133,quam turpis adipiscing lorem vitae mattis nibh ligula nec sem duis aliquam
36,Trip 134,lorem integer tincidunt ante vel ipsum praesent blandit lacinia erat vestibulum sed magna
173,Trip 135,sollicitudin mi sit amet lobortis sapien sapien non mi integer ac
55,Trip 136,nisi eu orci mauris lacinia sapien quis libero nullam sit amet turpis elementum
7,Trip 137,nisl nunc nisl duis bibendum felis sed interdum venenatis turpis enim blandit mi
89,Trip 138,elementum nullam varius nulla facilisi cras non
98,Trip 139,volutpat convallis morbi odio odio elementum eu interdum eu
110,Trip 140,velit eu est congue elementum in hac habitasse platea dictumst morbi vestibulum
154,Trip 141,nulla facilisi cras non velit nec nisi vulputate nonummy maecenas tincidunt lacus at velit vivamus
9,Trip 142,congue vivamus metus arcu adipiscing molestie hendrerit at vulputate vitae nisl aenean lectus pellentesque
194,Trip 143,sit amet sem fusce consequat nulla nisl nunc
195,Trip 144,in blandit ultrices enim lorem ipsum dolor sit amet consectetuer adipiscing
13,Trip 145,luctus et ultrices posuere cubilia curae nulla dapibus dolor vel
131,Trip 146,nulla justo aliquam quis turpis eget elit sodales scelerisque
83,Trip 147,vestibulum sit amet cursus id turpis integer aliquet massa id lobortis convallis tortor
175,Trip 148,augue vel accumsan tellus nisi eu orci mauris
152,Trip 149,parturient montes nascetur ridiculus mus etiam vel
90,Trip 150,sit amet eleifend pede libero quis orci nullam molestie nibh in lectus pellentesque
111,Trip 151,fringilla rhoncus mauris enim leo rhoncus sed vestibulum
139,Trip 152,aliquet massa id lobortis convallis tortor risus dapibus augue vel accumsan
162,Trip 153,turpis donec posuere metus vitae ipsum aliquam
76,Trip 154,nulla ultrices aliquet maecenas leo odio condimentum id luctus nec molestie sed justo pellentesque viverra
16,Trip 155,habitasse platea dictumst etiam faucibus cursus urna ut tellus nulla
155,Trip 156,eu sapien cursus vestibulum proin eu mi nulla ac enim in tempor turpis nec euismod
114,Trip 157,ut at dolor quis odio consequat varius integer ac leo
194,Trip 158,aliquam augue quam sollicitudin vitae consectetuer eget
184,Trip 159,convallis eget eleifend luctus ultricies eu nibh
163,Trip 160,nulla ultrices aliquet maecenas leo odio condimentum
109,Trip 161,pretium iaculis justo in hac habitasse platea dictumst etiam faucibus cursus
106,Trip 162,eget massa tempor convallis nulla neque libero convallis eget eleifend
108,Trip 163,rhoncus dui vel sem sed sagittis nam congue risus semper porta volutpat quam
16,Trip 164,ipsum primis in faucibus orci luctus et ultrices posuere cubilia curae duis faucibus accumsan odio
130,Trip 165,phasellus id sapien in sapien iaculis congue vivamus metus arcu
24,Trip 166,nisl nunc rhoncus dui vel sem sed sagittis nam congue risus semper porta volutpat
76,Trip 167,cum sociis natoque penatibus et magnis dis parturient montes nascetur ridiculus mus vivamus vestibulum
16,Trip 168,quis turpis eget elit sodales scelerisque mauris sit amet eros suspendisse accumsan tortor
78,Trip 169,urna ut tellus nulla ut erat id mauris vulputate elementum nullam varius nulla facilisi cras
86,Trip 170,sapien iaculis congue vivamus metus arcu adipiscing molestie hendrerit at vulputate vitae nisl aenean
179,Trip 171,mauris laoreet ut rhoncus aliquet pulvinar sed nisl
43,Trip 172,in faucibus orci luctus et ultrices posuere
104,Trip 173,ridiculus mus vivamus vestibulum sagittis sapien cum sociis natoque penatibus
17,Trip 174,lorem ipsum dolor sit amet consectetuer adipiscing elit proin
140,Trip 175,justo maecenas rhoncus aliquam lacus morbi quis tortor
119,Trip 176,neque aenean auctor gravida sem praesent id massa id nisl venenatis lacinia aenean sit
166,Trip 177,dapibus augue vel accumsan tellus nisi eu orci mauris lacinia sapien quis libero nullam
123,Trip 178,ultricies eu nibh quisque id justo sit amet sapien dignissim vestibulum vestibulum
21,Trip 179,amet consectetuer adipiscing elit proin interdum mauris non
159,Trip 180,sed vel enim sit amet nunc viverra dapibus nulla
147,Trip 181,maecenas ut massa quis augue luctus tincidunt nulla mollis molestie lorem
149,Trip 182,amet justo morbi ut odio cras mi pede malesuada
189,Trip 183,nonummy integer non velit donec diam neque vestibulum eget vulputate ut ultrices
74,Trip 184,augue luctus tincidunt nulla mollis molestie lorem
122,Trip 185,arcu libero rutrum ac lobortis vel dapibus at diam nam
158,Trip 186,id mauris vulputate elementum nullam varius nulla facilisi cras non velit nec nisi vulputate
189,Trip 187,sit amet turpis elementum ligula vehicula consequat morbi a ipsum
186,Trip 188,odio porttitor id consequat in consequat ut nulla sed accumsan felis ut at dolor quis
126,Trip 189,imperdiet sapien urna pretium nisl ut volutpat sapien arcu sed augue
72,Trip 190,semper sapien a libero nam dui proin leo odio porttitor id consequat in consequat ut
18,Trip 191,donec ut dolor morbi vel lectus in quam fringilla
10,Trip 192,diam neque vestibulum eget vulputate ut ultrices vel augue vestibulum ante ipsum primis in
37,Trip 193,pellentesque quisque porta volutpat erat quisque erat eros viverra eget congue
107,Trip 194,libero convallis eget eleifend luctus ultricies eu nibh quisque
16,Trip 195,nunc purus phasellus in felis donec semper
184,Trip 196,augue vel accumsan tellus nisi eu orci mauris lacinia sapien quis
30,Trip 197,massa id nisl venenatis lacinia aenean sit amet justo
168,Trip 198,mauris non ligula pellentesque ultrices phasellus id sapien in sapien iaculis congue vivamus metus
36,Trip 199,consequat varius integer ac leo pellentesque ultrices mattis odio donec vitae nisi nam
115,Trip 200,luctus tincidunt nulla mollis molestie lorem quisque ut erat curabitur gravida
59,Trip 201,posuere nonummy integer non velit donec diam neque vestibulum eget vulputate
178,Trip 202,vel lectus in quam fringilla rhoncus mauris enim leo rhoncus
70,Trip 203,eros viverra eget congue eget semper rutrum nulla nunc purus phasellus in felis donec semper
81,Trip 204,feugiat et eros vestibulum ac est lacinia nisi
151,Trip 205,praesent id massa id nisl venenatis lacinia aenean sit amet justo morbi ut odio cras
76,Trip 206,eget tincidunt eget tempus vel pede morbi porttitor
24,Trip 207,aliquam augue quam sollicitudin vitae consectetuer eget rutrum at lorem integer tincidunt ante vel
110,Trip 208,hendrerit at vulputate vitae nisl aenean lectus pellentesque eget nunc donec
89,Trip 209,non sodales sed tincidunt eu felis fusce posuere felis sed lacus morbi sem
55,Trip 210,blandit mi in porttitor pede justo eu massa donec
108,Trip 211,risus dapibus augue vel accumsan tellus nisi
160,Trip 212,sapien dignissim vestibulum vestibulum ante ipsum primis in faucibus orci luctus et
63,Trip 213,consequat nulla nisl nunc nisl duis bibendum felis sed interdum venenatis
185,Trip 214,in eleifend quam a odio in hac habitasse platea dictumst maecenas ut massa
61,Trip 215,enim lorem ipsum dolor sit amet consectetuer adipiscing elit proin interdum mauris non
70,Trip 216,vel sem sed sagittis nam congue risus semper porta volutpat quam pede lobortis
144,Trip 217,justo in blandit ultrices enim lorem ipsum dolor
176,Trip 218,sapien arcu sed augue aliquam erat volutpat
171,Trip 219,sed tincidunt eu felis fusce posuere felis
193,Trip 220,ac leo pellentesque ultrices mattis odio donec vitae nisi nam
28,Trip 221,et magnis dis parturient montes nascetur ridiculus mus vivamus vestibulum
6,Trip 222,dolor vel est donec odio justo sollicitudin ut suscipit a feugiat et eros vestibulum ac
52,Trip 223,nunc proin at turpis a pede posuere nonummy integer non velit donec diam neque vestibulum
153,Trip 224,quis lectus suspendisse potenti in eleifend quam
89,Trip 225,cras non velit nec nisi vulputate nonummy maecenas tincidunt lacus at
139,Trip 226,vivamus vestibulum sagittis sapien cum sociis natoque penatibus et magnis dis parturient montes nascetur
107,Trip 227,augue vestibulum rutrum rutrum neque aenean auctor gravida sem
111,Trip 228,facilisi cras non velit nec nisi vulputate nonummy maecenas tincidunt
14,Trip 229,adipiscing molestie hendrerit at vulputate vitae nisl aenean lectus pellentesque eget nunc donec quis
154,Trip 230,massa quis augue luctus tincidunt nulla mollis molestie
103,Trip 231,tempus vel pede morbi porttitor lorem id ligula suspendisse
102,Trip 232,in blandit ultrices enim lorem ipsum dolor sit amet consectetuer adipiscing elit proin interdum
102,Trip 233,at nunc commodo placerat praesent blandit nam nulla integer pede justo lacinia eget tincidunt eget
75,Trip 234,integer aliquet massa id lobortis convallis tortor
148,Trip 235,odio donec vitae nisi nam ultrices libero non mattis pulvinar nulla pede ullamcorper augue a
109,Trip 236,et commodo vulputate justo in blandit ultrices
66,Trip 237,maecenas ut massa quis augue luctus tincidunt
70,Trip 238,mattis egestas metus aenean fermentum donec ut mauris eget massa
198,Trip 239,in consequat ut nulla sed accumsan felis ut at dolor quis odio consequat
156,Trip 240,vestibulum sagittis sapien cum sociis natoque penatibus et magnis dis parturient montes
42,Trip 241,felis ut at dolor quis odio consequat varius integer ac leo pellentesque ultrices
155,Trip 242,sapien cum sociis natoque penatibus et magnis dis parturient montes nascetur
156,Trip 243,semper interdum mauris ullamcorper purus sit amet nulla quisque arcu libero
43,Trip 244,nec nisi vulputate nonummy maecenas tincidunt lacus at velit vivamus vel nulla
65,Trip 245,dictumst morbi vestibulum velit id pretium iaculis diam erat
73,Trip 246,eu tincidunt in leo maecenas pulvinar lobortis est phasellus sit amet
31,Trip 247,pellentesque ultrices phasellus id sapien in sapien iaculis congue vivamus metus arcu
183,Trip 248,dui maecenas tristique est et tempus semper est quam pharetra magna ac
196,Trip 249,est quam pharetra magna ac consequat metus sapien ut nunc
83,Trip 250,maecenas pulvinar lobortis est phasellus sit amet erat nulla tempus vivamus in felis
138,Trip 251,ultrices mattis odio donec vitae nisi nam ultrices libero non mattis pulvinar
175,Trip 252,feugiat non pretium quis lectus suspendisse potenti in eleifend quam
197,Trip 253,interdum mauris non ligula pellentesque ultrices phasellus id sapien in
35,Trip 254,sem duis aliquam convallis nunc proin at turpis a
143,Trip 255,erat eros viverra eget congue eget semper rutrum
145,Trip 256,at ipsum ac tellus semper interdum mauris ullamcorper purus sit amet nulla
175,Trip 257,congue vivamus metus arcu adipiscing molestie hendrerit at
66,Trip 258,ac enim in tempor turpis nec euismod scelerisque quam turpis
163,Trip 259,et commodo vulputate justo in blandit ultrices
196,Trip 260,id luctus nec molestie sed justo pellentesque viverra pede
37,Trip 261,rutrum at lorem integer tincidunt ante vel
184,Trip 262,lorem vitae mattis nibh ligula nec sem duis
71,Trip 263,amet lobortis sapien sapien non mi integer
183,Trip 264,mi sit amet lobortis sapien sapien non mi integer
97,Trip 265,augue quam sollicitudin vitae consectetuer eget rutrum at lorem integer
110,Trip 266,penatibus et magnis dis parturient montes nascetur ridiculus mus etiam vel
188,Trip 267,id mauris vulputate elementum nullam varius nulla facilisi cras
55,Trip 268,quis orci eget orci vehicula condimentum curabitur in libero ut massa
80,Trip 269,neque aenean auctor gravida sem praesent id
141,Trip 270,laoreet ut rhoncus aliquet pulvinar sed nisl nunc rhoncus dui
41,Trip 271,morbi porttitor lorem id ligula suspendisse ornare consequat lectus in est risus
99,Trip 272,commodo placerat praesent blandit nam nulla integer pede justo
76,Trip 273,nulla suspendisse potenti cras in purus eu magna vulputate luctus cum sociis natoque penatibus et
139,Trip 274,amet cursus id turpis integer aliquet massa id lobortis convallis
191,Trip 275,porta volutpat erat quisque erat eros viverra eget congue eget semper rutrum nulla
28,Trip 276,eu magna vulputate luctus cum sociis natoque
141,Trip 277,nulla nunc purus phasellus in felis donec semper sapien a libero
5,Trip 278,ultrices libero non mattis pulvinar nulla pede ullamcorper augue a suscipit
102,Trip 279,velit vivamus vel nulla eget eros elementum pellentesque quisque porta volutpat
156,Trip 280,ut erat id mauris vulputate elementum nullam varius nulla facilisi cras non velit nec nisi
191,Trip 281,rhoncus sed vestibulum sit amet cursus id
15,Trip 282,posuere felis sed lacus morbi sem mauris laoreet
71,Trip 283,vulputate nonummy maecenas tincidunt lacus at velit
165,Trip 284,vehicula consequat morbi a ipsum integer a nibh in quis
91,Trip 285,primis in faucibus orci luctus et ultrices posuere
8,Trip 286,tincidunt in leo maecenas pulvinar lobortis est phasellus sit
178,Trip 287,vestibulum sed magna at nunc commodo placerat praesent blandit
141,Trip 288,duis faucibus accumsan odio curabitur convallis duis consequat dui nec nisi volutpat eleifend donec ut
164,Trip 289,sit amet cursus id turpis integer aliquet massa id lobortis
4,Trip 290,dapibus nulla suscipit ligula in lacus curabitur at
24,Trip 291,mauris sit amet eros suspendisse accumsan tortor quis
21,Trip 292,tellus nulla ut erat id mauris vulputate elementum
198,Trip 293,faucibus orci luctus et ultrices posuere cubilia curae nulla
134,Trip 294,curabitur convallis duis consequat dui nec nisi volutpat eleifend donec ut dolor morbi vel lectus
8,Trip 295,lobortis ligula sit amet eleifend pede libero quis orci nullam molestie nibh in lectus
110,Trip 296,magna vulputate luctus cum sociis natoque penatibus et
90,Trip 297,sapien dignissim vestibulum vestibulum ante ipsum primis in faucibus orci luctus et
99,Trip 298,in imperdiet et commodo vulputate justo in blandit ultrices enim lorem ipsum dolor sit amet
163,Trip 299,est et tempus semper est quam pharetra magna ac consequat metus sapien ut nunc vestibulum
40,Trip 300,tempus semper est quam pharetra magna ac consequat metus sapien ut nunc vestibulum ante ipsum
197,Trip 301,nec sem duis aliquam convallis nunc proin at turpis a pede posuere nonummy
186,Trip 302,mi integer ac neque duis bibendum morbi non
91,Trip 303,integer ac neque duis bibendum morbi non
137,Trip 304,suscipit a feugiat et eros vestibulum ac est lacinia nisi venenatis tristique fusce congue
61,Trip 305,orci luctus et ultrices posuere cubilia curae donec
104,Trip 306,mattis nibh ligula nec sem duis aliquam convallis nunc proin at turpis a
3,Trip 307,venenatis non sodales sed tincidunt eu felis fusce posuere felis sed lacus morbi sem mauris
125,Trip 308,nisi nam ultrices libero non mattis pulvinar nulla pede ullamcorper augue a suscipit nulla
103,Trip 309,consequat metus sapien ut nunc vestibulum ante ipsum
175,Trip 310,mauris laoreet ut rhoncus aliquet pulvinar sed nisl nunc rhoncus
56,Trip 311,odio justo sollicitudin ut suscipit a feugiat
79,Trip 312,adipiscing elit proin interdum mauris non ligula pellentesque ultrices phasellus id sapien in
152,Trip 313,ipsum praesent blandit lacinia erat vestibulum sed magna at nunc commodo placerat praesent
96,Trip 314,etiam vel augue vestibulum rutrum rutrum neque aenean auctor
86,Trip 315,gravida sem praesent id massa id nisl venenatis lacinia aenean sit amet justo morbi ut
161,Trip 316,eget orci vehicula condimentum curabitur in libero ut massa volutpat convallis morbi odio odio
94,Trip 317,ante nulla justo aliquam quis turpis eget elit sodales scelerisque mauris sit amet eros
52,Trip 318,mi integer ac neque duis bibendum morbi non quam nec dui luctus rutrum nulla tellus
8,Trip 319,vestibulum quam sapien varius ut blandit non interdum in ante
125,Trip 320,ut tellus nulla ut erat id mauris vulputate
99,Trip 321,nisl venenatis lacinia aenean sit amet justo morbi ut odio cras mi pede malesuada in
166,Trip 322,lorem quisque ut erat curabitur gravida nisi at nibh in hac habitasse platea
169,Trip 323,velit donec diam neque vestibulum eget vulputate ut ultrices vel augue
56,Trip 324,enim blandit mi in porttitor pede justo eu massa donec dapibus
42,Trip 325,est congue elementum in hac habitasse platea dictumst morbi
101,Trip 326,odio donec vitae nisi nam ultrices libero non mattis pulvinar nulla pede
105,Trip 327,vel augue vestibulum rutrum rutrum neque aenean auctor gravida sem praesent
196,Trip 328,sem fusce consequat nulla nisl nunc nisl duis bibendum felis sed interdum venenatis
46,Trip 329,viverra dapibus nulla suscipit ligula in lacus curabitur at ipsum ac tellus semper interdum
175,Trip 330,luctus nec molestie sed justo pellentesque viverra pede ac diam cras pellentesque
23,Trip 331,nulla justo aliquam quis turpis eget elit
173,Trip 332,rutrum nulla nunc purus phasellus in felis donec semper sapien a libero
38,Trip 333,proin eu mi nulla ac enim in
159,Trip 334,ligula nec sem duis aliquam convallis nunc proin
144,Trip 335,nulla suspendisse potenti cras in purus eu magna
111,Trip 336,iaculis congue vivamus metus arcu adipiscing molestie hendrerit at vulputate vitae
60,Trip 337,sed vestibulum sit amet cursus id turpis integer aliquet massa id lobortis convallis tortor risus
20,Trip 338,lectus vestibulum quam sapien varius ut blandit
94,Trip 339,lacus morbi sem mauris laoreet ut rhoncus aliquet
17,Trip 340,at lorem integer tincidunt ante vel ipsum praesent blandit
27,Trip 341,quis tortor id nulla ultrices aliquet maecenas leo odio condimentum id luctus nec molestie sed
121,Trip 342,scelerisque mauris sit amet eros suspendisse accumsan tortor quis turpis sed ante vivamus tortor
145,Trip 343,viverra diam vitae quam suspendisse potenti nullam porttitor lacus at turpis donec posuere
86,Trip 344,lacinia aenean sit amet justo morbi ut odio cras
112,Trip 345,nunc nisl duis bibendum felis sed interdum venenatis turpis enim blandit mi in porttitor pede
198,Trip 346,semper sapien a libero nam dui proin leo odio porttitor id
179,Trip 347,elementum eu interdum eu tincidunt in leo
59,Trip 348,odio in hac habitasse platea dictumst maecenas ut massa quis
10,Trip 349,nunc proin at turpis a pede posuere nonummy integer non velit donec diam neque vestibulum
161,Trip 350,in quis justo maecenas rhoncus aliquam lacus
183,Trip 351,nec sem duis aliquam convallis nunc proin
185,Trip 352,sem fusce consequat nulla nisl nunc nisl duis
51,Trip 353,tortor id nulla ultrices aliquet maecenas leo odio condimentum id luctus nec
30,Trip 354,sit amet justo morbi ut odio cras mi pede malesuada in imperdiet et commodo vulputate
166,Trip 355,leo rhoncus sed vestibulum sit amet cursus
163,Trip 356,vitae quam suspendisse potenti nullam porttitor lacus at turpis donec posuere metus vitae
163,Trip 357,pulvinar nulla pede ullamcorper augue a suscipit nulla elit ac
54,Trip 358,sit amet sem fusce consequat nulla nisl nunc nisl duis bibendum
74,Trip 359,nulla mollis molestie lorem quisque ut erat curabitur gravida nisi
84,Trip 360,orci eget orci vehicula condimentum curabitur in
56,Trip 361,eget vulputate ut ultrices vel augue vestibulum ante ipsum primis in faucibus
115,Trip 362,vel enim sit amet nunc viverra dapibus nulla suscipit ligula in lacus curabitur
133,Trip 363,volutpat quam pede lobortis ligula sit amet eleifend pede libero quis orci nullam molestie
118,Trip 364,lobortis ligula sit amet eleifend pede libero quis orci nullam
179,Trip 365,interdum in ante vestibulum ante ipsum primis in faucibus orci luctus et ultrices posuere cubilia
85,Trip 366,a nibh in quis justo maecenas rhoncus aliquam lacus morbi quis tortor id nulla ultrices
139,Trip 367,nulla elit ac nulla sed vel enim sit
137,Trip 368,vestibulum aliquet ultrices erat tortor sollicitudin mi
102,Trip 369,vehicula consequat morbi a ipsum integer a nibh in quis justo maecenas rhoncus aliquam lacus
116,Trip 370,mi sit amet lobortis sapien sapien non mi integer
95,Trip 371,sit amet turpis elementum ligula vehicula consequat morbi a ipsum integer
14,Trip 372,curabitur convallis duis consequat dui nec nisi volutpat eleifend donec ut
39,Trip 373,ultrices posuere cubilia curae nulla dapibus dolor vel est donec odio justo sollicitudin
197,Trip 374,nulla eget eros elementum pellentesque quisque porta volutpat erat quisque erat
6,Trip 375,primis in faucibus orci luctus et ultrices posuere cubilia curae duis faucibus accumsan
127,Trip 376,nulla pede ullamcorper augue a suscipit nulla elit ac
111,Trip 377,sit amet diam in magna bibendum imperdiet nullam orci
76,Trip 378,adipiscing elit proin interdum mauris non ligula pellentesque ultrices phasellus id sapien in
133,Trip 379,augue a suscipit nulla elit ac nulla sed vel enim sit amet nunc viverra dapibus
121,Trip 380,ante vel ipsum praesent blandit lacinia erat vestibulum sed magna at
60,Trip 381,molestie sed justo pellentesque viverra pede ac diam cras pellentesque volutpat
154,Trip 382,cum sociis natoque penatibus et magnis dis parturient montes nascetur ridiculus mus vivamus vestibulum sagittis
9,Trip 383,cum sociis natoque penatibus et magnis dis parturient montes
150,Trip 384,hac habitasse platea dictumst maecenas ut massa quis augue luctus tincidunt
35,Trip 385,nisl nunc nisl duis bibendum felis sed
44,Trip 386,a pede posuere nonummy integer non velit donec diam neque vestibulum eget vulputate ut ultrices
197,Trip 387,pretium quis lectus suspendisse potenti in eleifend quam
16,Trip 388,vel nulla eget eros elementum pellentesque quisque
6,Trip 389,nibh in lectus pellentesque at nulla suspendisse potenti cras in purus eu magna vulputate
78,Trip 390,tortor risus dapibus augue vel accumsan tellus nisi eu orci
20,Trip 391,nulla integer pede justo lacinia eget tincidunt eget
159,Trip 392,aliquam erat volutpat in congue etiam justo etiam
194,Trip 393,ante vivamus tortor duis mattis egestas metus aenean fermentum donec ut mauris eget
51,Trip 394,massa volutpat convallis morbi odio odio elementum eu interdum
146,Trip 395,erat tortor sollicitudin mi sit amet lobortis sapien sapien
172,Trip 396,luctus cum sociis natoque penatibus et magnis dis parturient montes nascetur ridiculus mus
94,Trip 397,mi sit amet lobortis sapien sapien non
39,Trip 398,morbi porttitor lorem id ligula suspendisse ornare consequat lectus in est risus auctor sed tristique
40,Trip 399,quis libero nullam sit amet turpis elementum ligula vehicula consequat morbi a ipsum integer
108,Trip 400,sociis natoque penatibus et magnis dis parturient montes nascetur ridiculus mus vivamus
180,Trip 401,aliquet pulvinar sed nisl nunc rhoncus dui vel sem sed sagittis nam
56,Trip 402,cum sociis natoque penatibus et magnis dis parturient montes
156,Trip 403,lectus vestibulum quam sapien varius ut blandit non interdum in ante vestibulum ante ipsum
130,Trip 404,eget rutrum at lorem integer tincidunt ante vel ipsum praesent blandit lacinia erat vestibulum sed
53,Trip 405,ut mauris eget massa tempor convallis nulla neque libero convallis eget eleifend luctus ultricies
169,Trip 406,ultrices aliquet maecenas leo odio condimentum id luctus nec molestie sed justo pellentesque
179,Trip 407,volutpat erat quisque erat eros viverra eget
159,Trip 408,commodo placerat praesent blandit nam nulla integer pede justo lacinia eget
82,Trip 409,maecenas pulvinar lobortis est phasellus sit amet erat nulla tempus
26,Trip 410,cubilia curae mauris viverra diam vitae quam suspendisse potenti nullam porttitor lacus
134,Trip 411,cubilia curae duis faucibus accumsan odio curabitur
109,Trip 412,sit amet turpis elementum ligula vehicula consequat
150,Trip 413,ultricies eu nibh quisque id justo sit amet sapien dignissim vestibulum vestibulum ante ipsum primis
166,Trip 414,eget rutrum at lorem integer tincidunt ante vel ipsum praesent blandit lacinia erat vestibulum
3,Trip 415,blandit non interdum in ante vestibulum ante ipsum primis in
199,Trip 416,imperdiet sapien urna pretium nisl ut volutpat sapien arcu sed augue aliquam erat volutpat
6,Trip 417,ante vivamus tortor duis mattis egestas metus aenean fermentum donec ut mauris eget massa
138,Trip 418,pellentesque ultrices phasellus id sapien in sapien iaculis congue vivamus metus
56,Trip 419,donec semper sapien a libero nam dui proin leo odio porttitor id consequat
10,Trip 420,volutpat sapien arcu sed augue aliquam erat volutpat in congue etiam
165,Trip 421,quis turpis eget elit sodales scelerisque mauris
105,Trip 422,nunc vestibulum ante ipsum primis in faucibus
57,Trip 423,pellentesque ultrices phasellus id sapien in sapien iaculis congue vivamus metus arcu
143,Trip 424,congue vivamus metus arcu adipiscing molestie hendrerit at vulputate vitae
132,Trip 425,nulla facilisi cras non velit nec nisi vulputate nonummy maecenas
52,Trip 426,lobortis vel dapibus at diam nam tristique tortor eu
187,Trip 427,aliquet pulvinar sed nisl nunc rhoncus dui vel sem sed sagittis nam congue
109,Trip 428,in quis justo maecenas rhoncus aliquam lacus morbi quis tortor id nulla ultrices aliquet
19,Trip 429,eu orci mauris lacinia sapien quis libero nullam
171,Trip 430,neque libero convallis eget eleifend luctus ultricies eu nibh
181,Trip 431,purus phasellus in felis donec semper sapien a libero nam dui proin
63,Trip 432,habitasse platea dictumst morbi vestibulum velit id pretium iaculis diam erat
155,Trip 433,sit amet consectetuer adipiscing elit proin interdum mauris non ligula
122,Trip 434,lobortis sapien sapien non mi integer ac neque duis bibendum morbi non quam nec
143,Trip 435,velit id pretium iaculis diam erat fermentum justo nec condimentum
164,Trip 436,cum sociis natoque penatibus et magnis dis parturient montes nascetur ridiculus mus etiam
52,Trip 437,sapien iaculis congue vivamus metus arcu adipiscing
169,Trip 438,consectetuer adipiscing elit proin interdum mauris non ligula
69,Trip 439,in felis eu sapien cursus vestibulum proin eu mi nulla ac enim in tempor
196,Trip 440,pede justo eu massa donec dapibus duis at velit eu est
100,Trip 441,amet diam in magna bibendum imperdiet nullam orci pede venenatis non sodales sed
67,Trip 442,suspendisse potenti nullam porttitor lacus at turpis donec posuere metus vitae ipsum aliquam non mauris
4,Trip 443,magna vestibulum aliquet ultrices erat tortor sollicitudin mi sit amet
168,Trip 444,quam suspendisse potenti nullam porttitor lacus at turpis donec
133,Trip 445,lectus in quam fringilla rhoncus mauris enim leo
72,Trip 446,fermentum justo nec condimentum neque sapien placerat ante nulla justo aliquam quis turpis
180,Trip 447,ligula suspendisse ornare consequat lectus in est risus auctor sed tristique in tempus sit amet
80,Trip 448,duis aliquam convallis nunc proin at turpis a pede posuere
141,Trip 449,aliquam lacus morbi quis tortor id nulla ultrices aliquet
103,Trip 450,nulla facilisi cras non velit nec nisi vulputate nonummy
22,Trip 451,in est risus auctor sed tristique in
56,Trip 452,ultrices erat tortor sollicitudin mi sit amet lobortis
153,Trip 453,pulvinar sed nisl nunc rhoncus dui vel sem sed sagittis
38,Trip 454,lacus morbi sem mauris laoreet ut rhoncus aliquet pulvinar sed nisl nunc rhoncus dui vel
192,Trip 455,quam a odio in hac habitasse platea dictumst maecenas
80,Trip 456,fusce congue diam id ornare imperdiet sapien urna pretium nisl ut
78,Trip 457,primis in faucibus orci luctus et ultrices posuere cubilia curae nulla dapibus dolor
5,Trip 458,curae donec pharetra magna vestibulum aliquet ultrices erat tortor sollicitudin mi
193,Trip 459,ac consequat metus sapien ut nunc vestibulum ante
108,Trip 460,nisi nam ultrices libero non mattis pulvinar nulla
108,Trip 461,rhoncus dui vel sem sed sagittis nam congue risus
46,Trip 462,mauris sit amet eros suspendisse accumsan tortor quis turpis sed ante vivamus
61,Trip 463,amet sapien dignissim vestibulum vestibulum ante ipsum primis in faucibus
179,Trip 464,gravida sem praesent id massa id nisl venenatis lacinia aenean sit amet justo
67,Trip 465,felis eu sapien cursus vestibulum proin eu mi nulla ac
43,Trip 466,id ornare imperdiet sapien urna pretium nisl ut volutpat sapien arcu sed augue aliquam erat
158,Trip 467,magna at nunc commodo placerat praesent blandit nam nulla integer pede justo lacinia
100,Trip 468,sed tincidunt eu felis fusce posuere felis sed lacus morbi
134,Trip 469,morbi a ipsum integer a nibh in quis justo maecenas rhoncus aliquam
191,Trip 470,interdum mauris ullamcorper purus sit amet nulla quisque arcu libero rutrum ac lobortis vel dapibus
164,Trip 471,mauris vulputate elementum nullam varius nulla facilisi cras non velit nec nisi vulputate nonummy
140,Trip 472,vel augue vestibulum ante ipsum primis in faucibus orci luctus et ultrices posuere
176,Trip 473,posuere nonummy integer non velit donec diam neque vestibulum eget vulputate ut ultrices vel augue
98,Trip 474,in eleifend quam a odio in hac habitasse platea dictumst maecenas ut massa quis augue
21,Trip 475,sapien a libero nam dui proin leo odio porttitor id consequat in consequat ut nulla
132,Trip 476,rhoncus aliquam lacus morbi quis tortor id nulla ultrices aliquet maecenas leo odio condimentum
165,Trip 477,ac enim in tempor turpis nec euismod scelerisque quam turpis adipiscing lorem vitae mattis
178,Trip 478,sem fusce consequat nulla nisl nunc nisl duis bibendum felis sed interdum venenatis
1,Trip 479,sollicitudin ut suscipit a feugiat et eros vestibulum
37,Trip 480,vehicula consequat morbi a ipsum integer a nibh in quis justo maecenas rhoncus
45,Trip 481,diam vitae quam suspendisse potenti nullam porttitor lacus at turpis donec posuere metus vitae
159,Trip 482,ante vestibulum ante ipsum primis in faucibus orci luctus et ultrices posuere
196,Trip 483,etiam faucibus cursus urna ut tellus nulla ut erat id mauris vulputate elementum nullam varius
177,Trip 484,eleifend pede libero quis orci nullam molestie nibh in lectus pellentesque at nulla
149,Trip 485,eros elementum pellentesque quisque porta volutpat erat quisque erat eros viverra
142,Trip 486,montes nascetur ridiculus mus etiam vel augue vestibulum
76,Trip 487,praesent blandit nam nulla integer pede justo
121,Trip 488,in libero ut massa volutpat convallis morbi odio odio
60,Trip 489,lorem ipsum dolor sit amet consectetuer adipiscing elit proin interdum mauris non ligula pellentesque ultrices
198,Trip 490,quam pharetra magna ac consequat metus sapien ut nunc vestibulum ante ipsum primis in faucibus
47,Trip 491,consequat dui nec nisi volutpat eleifend donec ut
159,Trip 492,ante vivamus tortor duis mattis egestas metus aenean fermentum donec ut mauris eget massa tempor
94,Trip 493,id lobortis convallis tortor risus dapibus augue vel accumsan tellus nisi
53,Trip 494,pede posuere nonummy integer non velit donec diam neque
172,Trip 495,ultrices enim lorem ipsum dolor sit amet consectetuer adipiscing elit proin interdum mauris
142,Trip 496,in quis justo maecenas rhoncus aliquam lacus morbi quis tortor id
141,Trip 497,morbi vel lectus in quam fringilla rhoncus mauris enim leo
30,Trip 498,sem mauris laoreet ut rhoncus aliquet pulvinar sed nisl nunc rhoncus
21,Trip 499,quisque ut erat curabitur gravida nisi at nibh in hac habitasse
43,Trip 500,gravida sem praesent id massa id nisl venenatis lacinia aenean sit amet justo
119,Trip 501,et ultrices posuere cubilia curae mauris viverra diam vitae quam suspendisse potenti nullam porttitor
147,Trip 502,sapien arcu sed augue aliquam erat volutpat in congue
75,Trip 503,congue etiam justo etiam pretium iaculis justo
64,Trip 504,venenatis turpis enim blandit mi in porttitor pede justo eu massa
169,Trip 505,amet justo morbi ut odio cras mi pede malesuada in imperdiet
62,Trip 506,in congue etiam justo etiam pretium iaculis justo in hac habitasse platea dictumst
139,Trip 507,consequat lectus in est risus auctor sed tristique in tempus sit amet sem fusce consequat
199,Trip 508,in faucibus orci luctus et ultrices posuere cubilia curae
184,Trip 509,sit amet erat nulla tempus vivamus in felis eu sapien cursus vestibulum proin
139,Trip 510,quisque erat eros viverra eget congue eget semper rutrum nulla nunc purus phasellus in felis
156,Trip 511,venenatis lacinia aenean sit amet justo morbi ut odio cras
10,Trip 512,suspendisse accumsan tortor quis turpis sed ante vivamus tortor duis mattis egestas metus aenean
100,Trip 513,scelerisque quam turpis adipiscing lorem vitae mattis nibh ligula nec sem duis aliquam convallis nunc
27,Trip 514,at velit vivamus vel nulla eget eros elementum pellentesque quisque porta volutpat erat quisque
43,Trip 515,lacinia nisi venenatis tristique fusce congue diam
4,Trip 516,accumsan tellus nisi eu orci mauris lacinia sapien quis libero nullam
116,Trip 517,condimentum id luctus nec molestie sed justo pellentesque viverra
31,Trip 518,sapien urna pretium nisl ut volutpat sapien arcu sed augue aliquam erat volutpat
147,Trip 519,eu orci mauris lacinia sapien quis libero nullam sit amet turpis elementum ligula vehicula
152,Trip 520,porttitor pede justo eu massa donec dapibus duis at velit eu est
185,Trip 521,nibh fusce lacus purus aliquet at feugiat non pretium
47,Trip 522,vestibulum aliquet ultrices erat tortor sollicitudin mi sit amet lobortis sapien sapien non mi
86,Trip 523,mauris sit amet eros suspendisse accumsan tortor quis turpis sed ante vivamus
105,Trip 524,non pretium quis lectus suspendisse potenti in eleifend quam a odio in hac habitasse platea
99,Trip 525,velit nec nisi vulputate nonummy maecenas tincidunt lacus at velit vivamus vel nulla
175,Trip 526,semper interdum mauris ullamcorper purus sit amet nulla quisque arcu libero rutrum
180,Trip 527,ultricies eu nibh quisque id justo sit
106,Trip 528,diam cras pellentesque volutpat dui maecenas tristique est et tempus semper est quam pharetra magna
187,Trip 529,quis augue luctus tincidunt nulla mollis molestie lorem quisque ut erat curabitur gravida nisi
161,Trip 530,id ornare imperdiet sapien urna pretium nisl ut volutpat sapien
28,Trip 531,semper interdum mauris ullamcorper purus sit amet nulla quisque arcu libero rutrum ac lobortis
94,Trip 532,integer tincidunt ante vel ipsum praesent blandit lacinia
186,Trip 533,id ligula suspendisse ornare consequat lectus in
92,Trip 534,dis parturient montes nascetur ridiculus mus etiam
80,Trip 535,quam a odio in hac habitasse platea dictumst maecenas ut massa quis augue luctus tincidunt
66,Trip 536,justo sollicitudin ut suscipit a feugiat et eros vestibulum ac est lacinia nisi venenatis tristique
159,Trip 537,nulla ac enim in tempor turpis nec euismod
49,Trip 538,faucibus cursus urna ut tellus nulla ut erat id mauris vulputate elementum nullam varius nulla
91,Trip 539,velit id pretium iaculis diam erat fermentum justo nec condimentum neque sapien
104,Trip 540,ultrices libero non mattis pulvinar nulla pede ullamcorper augue a suscipit nulla elit ac nulla
194,Trip 541,sapien placerat ante nulla justo aliquam quis turpis eget
147,Trip 542,nulla ut erat id mauris vulputate elementum nullam
161,Trip 543,bibendum imperdiet nullam orci pede venenatis non sodales sed tincidunt eu
124,Trip 544,lobortis ligula sit amet eleifend pede libero quis orci nullam molestie nibh
14,Trip 545,nunc commodo placerat praesent blandit nam nulla integer pede justo lacinia eget
13,Trip 546,id sapien in sapien iaculis congue vivamus metus arcu adipiscing molestie hendrerit at vulputate vitae
98,Trip 547,sapien non mi integer ac neque duis bibendum morbi non quam
24,Trip 548,blandit non interdum in ante vestibulum ante ipsum primis in faucibus
80,Trip 549,turpis sed ante vivamus tortor duis mattis egestas metus aenean fermentum donec ut mauris eget
50,Trip 550,curabitur gravida nisi at nibh in hac habitasse platea dictumst aliquam
193,Trip 551,nunc nisl duis bibendum felis sed interdum venenatis
197,Trip 552,risus dapibus augue vel accumsan tellus nisi
179,Trip 553,sit amet erat nulla tempus vivamus in felis eu sapien cursus vestibulum proin
34,Trip 554,nulla eget eros elementum pellentesque quisque porta volutpat
43,Trip 555,elementum in hac habitasse platea dictumst morbi vestibulum velit id pretium iaculis
56,Trip 556,vivamus vel nulla eget eros elementum pellentesque quisque porta volutpat
163,Trip 557,aliquam augue quam sollicitudin vitae consectetuer eget
156,Trip 558,in eleifend quam a odio in hac habitasse platea dictumst maecenas
115,Trip 559,luctus rutrum nulla tellus in sagittis dui vel nisl duis ac nibh
168,Trip 560,accumsan felis ut at dolor quis odio consequat varius integer ac leo pellentesque ultrices mattis
165,Trip 561,ligula suspendisse ornare consequat lectus in est risus auctor sed tristique in tempus
54,Trip 562,curae donec pharetra magna vestibulum aliquet ultrices erat tortor sollicitudin mi sit amet lobortis sapien
179,Trip 563,luctus et ultrices posuere cubilia curae nulla dapibus dolor vel est
50,Trip 564,magna ac consequat metus sapien ut nunc vestibulum
83,Trip 565,odio condimentum id luctus nec molestie sed justo pellentesque viverra pede ac
16,Trip 566,eleifend quam a odio in hac habitasse platea dictumst maecenas ut massa quis augue luctus
90,Trip 567,quis orci eget orci vehicula condimentum curabitur in libero ut massa volutpat convallis
81,Trip 568,nisl nunc rhoncus dui vel sem sed sagittis
84,Trip 569,augue luctus tincidunt nulla mollis molestie lorem quisque ut erat curabitur gravida nisi
87,Trip 570,et commodo vulputate justo in blandit ultrices enim lorem ipsum dolor sit amet consectetuer
6,Trip 571,ligula pellentesque ultrices phasellus id sapien in sapien iaculis congue vivamus metus arcu
111,Trip 572,pulvinar sed nisl nunc rhoncus dui vel sem sed sagittis nam congue risus semper porta
77,Trip 573,magna at nunc commodo placerat praesent blandit nam nulla
38,Trip 574,maecenas leo odio condimentum id luctus nec molestie sed justo
192,Trip 575,vivamus vestibulum sagittis sapien cum sociis natoque penatibus et magnis dis parturient montes nascetur
84,Trip 576,ipsum primis in faucibus orci luctus et ultrices posuere cubilia curae mauris
61,Trip 577,at nibh in hac habitasse platea dictumst
171,Trip 578,lacinia nisi venenatis tristique fusce congue diam id ornare imperdiet sapien urna
130,Trip 579,nibh in quis justo maecenas rhoncus aliquam
84,Trip 580,ut tellus nulla ut erat id mauris vulputate elementum nullam varius nulla facilisi cras non
42,Trip 581,sit amet erat nulla tempus vivamus in
69,Trip 582,dictumst aliquam augue quam sollicitudin vitae consectetuer eget rutrum at lorem integer tincidunt
103,Trip 583,in hac habitasse platea dictumst aliquam augue quam sollicitudin vitae consectetuer
32,Trip 584,pede ullamcorper augue a suscipit nulla elit ac nulla sed vel enim sit
79,Trip 585,est risus auctor sed tristique in tempus sit amet sem
114,Trip 586,vulputate luctus cum sociis natoque penatibus et magnis dis parturient montes nascetur ridiculus mus
71,Trip 587,augue aliquam erat volutpat in congue etiam justo etiam
97,Trip 588,nec nisi volutpat eleifend donec ut dolor morbi
179,Trip 589,odio in hac habitasse platea dictumst maecenas ut massa quis augue luctus tincidunt nulla
49,Trip 590,lacinia sapien quis libero nullam sit amet turpis elementum ligula vehicula consequat morbi
86,Trip 591,orci nullam molestie nibh in lectus pellentesque at nulla suspendisse potenti cras in purus eu
109,Trip 592,pede lobortis ligula sit amet eleifend pede libero quis orci nullam molestie nibh
22,Trip 593,duis mattis egestas metus aenean fermentum donec
72,Trip 594,fusce consequat nulla nisl nunc nisl duis bibendum felis sed
62,Trip 595,libero quis orci nullam molestie nibh in
95,Trip 596,in felis donec semper sapien a libero nam dui proin leo odio
144,Trip 597,duis faucibus accumsan odio curabitur convallis duis consequat dui nec nisi volutpat eleifend donec ut
165,Trip 598,in felis donec semper sapien a libero nam dui proin leo odio porttitor id consequat
62,Trip 599,adipiscing molestie hendrerit at vulputate vitae nisl aenean lectus pellentesque eget nunc donec quis
145,Trip 600,semper est quam pharetra magna ac consequat metus sapien ut nunc vestibulum ante
8,Trip 601,accumsan tellus nisi eu orci mauris lacinia
70,Trip 602,etiam pretium iaculis justo in hac habitasse platea dictumst etiam
161,Trip 603,congue diam id ornare imperdiet sapien urna pretium nisl ut
98,Trip 604,rhoncus mauris enim leo rhoncus sed vestibulum sit amet
42,Trip 605,rutrum at lorem integer tincidunt ante vel ipsum
78,Trip 606,magna vulputate luctus cum sociis natoque penatibus et magnis dis parturient montes nascetur ridiculus
91,Trip 607,maecenas tincidunt lacus at velit vivamus vel nulla eget
20,Trip 608,nulla suscipit ligula in lacus curabitur at ipsum
36,Trip 609,vivamus vestibulum sagittis sapien cum sociis natoque penatibus et magnis dis parturient montes
172,Trip 610,nunc proin at turpis a pede posuere nonummy integer non velit donec diam
22,Trip 611,in sapien iaculis congue vivamus metus arcu adipiscing
4,Trip 612,diam vitae quam suspendisse potenti nullam porttitor lacus at turpis donec
163,Trip 613,ante vestibulum ante ipsum primis in faucibus orci luctus et ultrices posuere cubilia curae
32,Trip 614,at velit eu est congue elementum in hac
142,Trip 615,risus auctor sed tristique in tempus sit amet sem
32,Trip 616,sit amet nulla quisque arcu libero rutrum ac lobortis vel dapibus at diam
17,Trip 617,donec pharetra magna vestibulum aliquet ultrices erat tortor sollicitudin mi sit amet lobortis sapien sapien
10,Trip 618,dictumst etiam faucibus cursus urna ut tellus nulla
22,Trip 619,sapien cum sociis natoque penatibus et magnis dis parturient montes nascetur ridiculus
147,Trip 620,egestas metus aenean fermentum donec ut mauris eget
143,Trip 621,lectus aliquam sit amet diam in magna bibendum imperdiet nullam orci pede venenatis non
118,Trip 622,consectetuer adipiscing elit proin risus praesent lectus vestibulum quam sapien
51,Trip 623,eleifend quam a odio in hac habitasse platea dictumst maecenas ut massa quis
195,Trip 624,lacus morbi sem mauris laoreet ut rhoncus aliquet pulvinar
139,Trip 625,purus sit amet nulla quisque arcu libero rutrum ac
35,Trip 626,nulla facilisi cras non velit nec nisi vulputate nonummy maecenas
85,Trip 627,venenatis lacinia aenean sit amet justo morbi ut odio cras mi pede malesuada in imperdiet
192,Trip 628,luctus et ultrices posuere cubilia curae nulla dapibus
121,Trip 629,nec nisi volutpat eleifend donec ut dolor morbi vel lectus in
6,Trip 630,venenatis tristique fusce congue diam id ornare imperdiet
74,Trip 631,nullam sit amet turpis elementum ligula vehicula consequat morbi a ipsum integer
125,Trip 632,luctus nec molestie sed justo pellentesque viverra pede ac diam cras pellentesque volutpat dui
141,Trip 633,fusce consequat nulla nisl nunc nisl duis bibendum felis sed interdum venenatis
15,Trip 634,vitae ipsum aliquam non mauris morbi non lectus aliquam
74,Trip 635,maecenas rhoncus aliquam lacus morbi quis tortor id
115,Trip 636,in sapien iaculis congue vivamus metus arcu adipiscing
140,Trip 637,quam turpis adipiscing lorem vitae mattis nibh
126,Trip 638,vel pede morbi porttitor lorem id ligula suspendisse ornare
140,Trip 639,aliquam sit amet diam in magna bibendum
150,Trip 640,libero convallis eget eleifend luctus ultricies eu nibh quisque id justo sit amet
4,Trip 641,proin at turpis a pede posuere nonummy integer non velit
71,Trip 642,in faucibus orci luctus et ultrices posuere cubilia curae donec
21,Trip 643,justo in hac habitasse platea dictumst etiam faucibus cursus urna
192,Trip 644,diam id ornare imperdiet sapien urna pretium nisl ut volutpat sapien
74,Trip 645,amet consectetuer adipiscing elit proin interdum mauris non
122,Trip 646,leo odio porttitor id consequat in consequat ut nulla sed accumsan felis ut at dolor
108,Trip 647,at feugiat non pretium quis lectus suspendisse potenti in eleifend quam a odio
185,Trip 648,eu est congue elementum in hac habitasse platea
179,Trip 649,pulvinar lobortis est phasellus sit amet erat nulla
11,Trip 650,in hac habitasse platea dictumst morbi vestibulum velit id pretium iaculis diam erat
81,Trip 651,dui luctus rutrum nulla tellus in sagittis dui
162,Trip 652,quis turpis sed ante vivamus tortor duis mattis egestas metus aenean fermentum donec ut mauris
127,Trip 653,in magna bibendum imperdiet nullam orci pede venenatis non sodales sed tincidunt eu felis fusce
85,Trip 654,odio elementum eu interdum eu tincidunt in leo maecenas pulvinar lobortis est phasellus sit
142,Trip 655,augue vestibulum rutrum rutrum neque aenean auctor gravida sem praesent id massa id nisl
74,Trip 656,turpis a pede posuere nonummy integer non velit donec diam neque
29,Trip 657,et ultrices posuere cubilia curae duis faucibus accumsan odio curabitur convallis duis consequat dui nec
37,Trip 658,quis libero nullam sit amet turpis elementum ligula
113,Trip 659,vestibulum ac est lacinia nisi venenatis tristique fusce congue diam
116,Trip 660,nec sem duis aliquam convallis nunc proin
152,Trip 661,elementum eu interdum eu tincidunt in leo maecenas pulvinar lobortis est
127,Trip 662,lectus pellentesque eget nunc donec quis orci eget orci vehicula condimentum curabitur in libero ut
78,Trip 663,fermentum donec ut mauris eget massa tempor convallis
66,Trip 664,ligula in lacus curabitur at ipsum ac tellus semper interdum mauris ullamcorper purus sit
158,Trip 665,turpis sed ante vivamus tortor duis mattis egestas metus aenean fermentum donec ut mauris
71,Trip 666,curabitur in libero ut massa volutpat convallis morbi odio odio elementum eu
187,Trip 667,odio donec vitae nisi nam ultrices libero non mattis pulvinar nulla pede ullamcorper augue
23,Trip 668,venenatis tristique fusce congue diam id ornare imperdiet sapien urna pretium nisl ut volutpat
5,Trip 669,fermentum justo nec condimentum neque sapien placerat ante
98,Trip 670,tempus sit amet sem fusce consequat nulla nisl nunc nisl
195,Trip 671,cubilia curae mauris viverra diam vitae quam suspendisse potenti nullam porttitor
82,Trip 672,elementum nullam varius nulla facilisi cras non velit nec
116,Trip 673,integer ac neque duis bibendum morbi non quam
54,Trip 674,proin leo odio porttitor id consequat in consequat ut
13,Trip 675,molestie nibh in lectus pellentesque at nulla suspendisse potenti cras in
27,Trip 676,montes nascetur ridiculus mus vivamus vestibulum sagittis sapien cum sociis natoque penatibus et magnis dis
75,Trip 677,dapibus augue vel accumsan tellus nisi eu orci mauris lacinia sapien quis
154,Trip 678,lorem ipsum dolor sit amet consectetuer adipiscing
121,Trip 679,vivamus vestibulum sagittis sapien cum sociis natoque penatibus et magnis
89,Trip 680,odio curabitur convallis duis consequat dui nec nisi volutpat
186,Trip 681,ultrices enim lorem ipsum dolor sit amet consectetuer adipiscing elit proin interdum mauris
136,Trip 682,arcu libero rutrum ac lobortis vel dapibus at diam nam tristique tortor
72,Trip 683,nibh in lectus pellentesque at nulla suspendisse potenti
124,Trip 684,venenatis turpis enim blandit mi in porttitor pede justo eu massa donec dapibus duis
75,Trip 685,laoreet ut rhoncus aliquet pulvinar sed nisl nunc
176,Trip 686,nisi volutpat eleifend donec ut dolor morbi vel lectus
55,Trip 687,pulvinar nulla pede ullamcorper augue a suscipit nulla elit ac
104,Trip 688,scelerisque quam turpis adipiscing lorem vitae mattis nibh
106,Trip 689,egestas metus aenean fermentum donec ut mauris eget
174,Trip 690,nunc donec quis orci eget orci vehicula condimentum curabitur in libero ut massa volutpat convallis
78,Trip 691,pulvinar nulla pede ullamcorper augue a suscipit nulla elit ac nulla sed
178,Trip 692,at nibh in hac habitasse platea dictumst aliquam augue quam sollicitudin vitae consectetuer
154,Trip 693,ultrices vel augue vestibulum ante ipsum primis in faucibus orci luctus
117,Trip 694,leo odio porttitor id consequat in consequat ut nulla sed
107,Trip 695,magna bibendum imperdiet nullam orci pede venenatis non sodales sed tincidunt eu
84,Trip 696,eu nibh quisque id justo sit amet sapien dignissim vestibulum
63,Trip 697,sit amet nulla quisque arcu libero rutrum ac lobortis vel dapibus at diam
88,Trip 698,imperdiet nullam orci pede venenatis non sodales sed tincidunt
112,Trip 699,non sodales sed tincidunt eu felis fusce posuere felis sed lacus morbi sem mauris
51,Trip 700,sapien quis libero nullam sit amet turpis elementum ligula vehicula consequat morbi a ipsum
61,Trip 701,odio cras mi pede malesuada in imperdiet et commodo vulputate
2,Trip 702,urna ut tellus nulla ut erat id mauris vulputate elementum
102,Trip 703,massa id lobortis convallis tortor risus dapibus augue vel accumsan tellus nisi eu orci
43,Trip 704,congue diam id ornare imperdiet sapien urna pretium nisl
77,Trip 705,mauris viverra diam vitae quam suspendisse potenti nullam porttitor lacus
40,Trip 706,nulla tellus in sagittis dui vel nisl duis ac nibh
65,Trip 707,nec euismod scelerisque quam turpis adipiscing lorem
167,Trip 708,pretium iaculis justo in hac habitasse platea dictumst etiam faucibus cursus urna
104,Trip 709,quam pede lobortis ligula sit amet eleifend pede
60,Trip 710,elit sodales scelerisque mauris sit amet eros suspendisse accumsan tortor quis turpis sed ante
191,Trip 711,nunc rhoncus dui vel sem sed sagittis nam congue risus semper porta volutpat
85,Trip 712,ultrices vel augue vestibulum ante ipsum primis in faucibus orci luctus et ultrices
59,Trip 713,suscipit nulla elit ac nulla sed vel enim
64,Trip 714,vel sem sed sagittis nam congue risus semper porta
21,Trip 715,venenatis turpis enim blandit mi in porttitor
101,Trip 716,nec dui luctus rutrum nulla tellus in sagittis dui vel nisl duis ac
116,Trip 717,erat eros viverra eget congue eget semper rutrum
141,Trip 718,vivamus tortor duis mattis egestas metus aenean fermentum donec
41,Trip 719,in hac habitasse platea dictumst maecenas ut massa quis augue luctus tincidunt
71,Trip 720,aliquet massa id lobortis convallis tortor risus dapibus augue vel
95,Trip 721,interdum eu tincidunt in leo maecenas pulvinar lobortis
87,Trip 722,sapien dignissim vestibulum vestibulum ante ipsum primis
200,Trip 723,cursus vestibulum proin eu mi nulla ac enim in tempor turpis
169,Trip 724,in faucibus orci luctus et ultrices posuere cubilia curae
173,Trip 725,viverra diam vitae quam suspendisse potenti nullam
1,Trip 726,lacus at turpis donec posuere metus vitae ipsum aliquam non mauris morbi non
55,Trip 727,vestibulum ante ipsum primis in faucibus orci luctus et ultrices
49,Trip 728,viverra diam vitae quam suspendisse potenti nullam porttitor
15,Trip 729,id nulla ultrices aliquet maecenas leo odio
151,Trip 730,molestie lorem quisque ut erat curabitur gravida nisi at nibh in hac habitasse
158,Trip 731,donec dapibus duis at velit eu est congue elementum in hac
159,Trip 732,metus sapien ut nunc vestibulum ante ipsum primis in faucibus orci
30,Trip 733,id nisl venenatis lacinia aenean sit amet justo morbi ut odio cras
128,Trip 734,eleifend donec ut dolor morbi vel lectus in quam
119,Trip 735,maecenas ut massa quis augue luctus tincidunt nulla mollis molestie lorem quisque ut erat curabitur
132,Trip 736,sapien a libero nam dui proin leo
121,Trip 737,eu orci mauris lacinia sapien quis libero nullam sit
8,Trip 738,in consequat ut nulla sed accumsan felis ut at dolor quis odio consequat varius integer
191,Trip 739,tincidunt lacus at velit vivamus vel nulla eget eros elementum pellentesque quisque porta volutpat erat
137,Trip 740,ut rhoncus aliquet pulvinar sed nisl nunc rhoncus dui vel sem sed sagittis nam
179,Trip 741,metus vitae ipsum aliquam non mauris morbi non
151,Trip 742,dui maecenas tristique est et tempus semper est quam pharetra magna ac
88,Trip 743,eu interdum eu tincidunt in leo maecenas
120,Trip 744,in tempus sit amet sem fusce consequat nulla
99,Trip 745,sapien sapien non mi integer ac neque
125,Trip 746,sit amet consectetuer adipiscing elit proin interdum mauris non ligula pellentesque
169,Trip 747,diam cras pellentesque volutpat dui maecenas tristique est et tempus semper est
198,Trip 748,blandit nam nulla integer pede justo lacinia eget tincidunt eget tempus vel pede
150,Trip 749,eros viverra eget congue eget semper rutrum nulla nunc purus phasellus in
117,Trip 750,et magnis dis parturient montes nascetur ridiculus mus vivamus vestibulum
91,Trip 751,neque vestibulum eget vulputate ut ultrices vel augue vestibulum ante ipsum primis in
82,Trip 752,faucibus orci luctus et ultrices posuere cubilia curae duis faucibus accumsan odio
130,Trip 753,maecenas ut massa quis augue luctus tincidunt nulla mollis molestie
168,Trip 754,pede morbi porttitor lorem id ligula suspendisse
63,Trip 755,volutpat convallis morbi odio odio elementum eu interdum eu
42,Trip 756,cras non velit nec nisi vulputate nonummy
157,Trip 757,libero convallis eget eleifend luctus ultricies eu nibh quisque id
58,Trip 758,quisque arcu libero rutrum ac lobortis vel dapibus
23,Trip 759,accumsan felis ut at dolor quis odio consequat varius integer ac leo pellentesque
198,Trip 760,aliquet pulvinar sed nisl nunc rhoncus dui vel sem sed sagittis nam congue
104,Trip 761,luctus et ultrices posuere cubilia curae nulla dapibus dolor
93,Trip 762,et ultrices posuere cubilia curae donec pharetra magna vestibulum aliquet ultrices erat tortor sollicitudin
25,Trip 763,ipsum praesent blandit lacinia erat vestibulum sed magna at nunc commodo placerat
75,Trip 764,pellentesque eget nunc donec quis orci eget orci vehicula
178,Trip 765,lacus curabitur at ipsum ac tellus semper interdum mauris ullamcorper
134,Trip 766,pellentesque ultrices mattis odio donec vitae nisi nam ultrices libero
106,Trip 767,erat vestibulum sed magna at nunc commodo placerat
50,Trip 768,dolor sit amet consectetuer adipiscing elit proin risus praesent lectus vestibulum quam sapien varius ut
144,Trip 769,quam pharetra magna ac consequat metus sapien ut nunc vestibulum ante ipsum primis
17,Trip 770,consectetuer eget rutrum at lorem integer tincidunt ante vel ipsum praesent blandit lacinia erat vestibulum
165,Trip 771,facilisi cras non velit nec nisi vulputate
17,Trip 772,turpis enim blandit mi in porttitor pede justo eu massa donec dapibus duis at
63,Trip 773,orci luctus et ultrices posuere cubilia curae nulla dapibus dolor vel est donec
84,Trip 774,nisi volutpat eleifend donec ut dolor morbi
194,Trip 775,nisi volutpat eleifend donec ut dolor morbi vel lectus in quam fringilla rhoncus
37,Trip 776,nunc commodo placerat praesent blandit nam nulla
113,Trip 777,in eleifend quam a odio in hac
189,Trip 778,diam neque vestibulum eget vulputate ut ultrices vel augue vestibulum
41,Trip 779,lacinia aenean sit amet justo morbi ut odio cras
91,Trip 780,sed vestibulum sit amet cursus id turpis integer aliquet massa id lobortis convallis tortor risus
109,Trip 781,semper rutrum nulla nunc purus phasellus in felis donec semper sapien a libero nam dui
6,Trip 782,cursus vestibulum proin eu mi nulla ac enim in tempor turpis nec
105,Trip 783,malesuada in imperdiet et commodo vulputate justo in blandit ultrices
187,Trip 784,lacus morbi quis tortor id nulla ultrices aliquet maecenas leo
123,Trip 785,lorem quisque ut erat curabitur gravida nisi
90,Trip 786,eget rutrum at lorem integer tincidunt ante vel
180,Trip 787,nunc vestibulum ante ipsum primis in faucibus orci luctus et ultrices posuere cubilia curae
89,Trip 788,blandit lacinia erat vestibulum sed magna at nunc commodo placerat praesent blandit nam nulla integer
135,Trip 789,rhoncus aliquam lacus morbi quis tortor id nulla ultrices aliquet maecenas leo odio condimentum id
46,Trip 790,quam nec dui luctus rutrum nulla tellus in sagittis
48,Trip 791,semper sapien a libero nam dui proin leo odio porttitor id
168,Trip 792,pede ac diam cras pellentesque volutpat dui maecenas tristique est et tempus semper
107,Trip 793,amet nulla quisque arcu libero rutrum ac lobortis vel dapibus
180,Trip 794,sed nisl nunc rhoncus dui vel sem sed sagittis
28,Trip 795,sed vel enim sit amet nunc viverra dapibus nulla
129,Trip 796,pellentesque at nulla suspendisse potenti cras in purus eu
153,Trip 797,ante ipsum primis in faucibus orci luctus et ultrices posuere cubilia curae mauris viverra
89,Trip 798,sodales scelerisque mauris sit amet eros suspendisse accumsan tortor quis turpis sed ante vivamus tortor
122,Trip 799,hac habitasse platea dictumst maecenas ut massa quis augue luctus tincidunt nulla mollis
125,Trip 800,tellus semper interdum mauris ullamcorper purus sit amet nulla quisque arcu
19,Trip 801,mi pede malesuada in imperdiet et commodo vulputate justo in blandit ultrices
7,Trip 802,aliquet massa id lobortis convallis tortor risus dapibus augue vel accumsan
155,Trip 803,pellentesque quisque porta volutpat erat quisque erat
113,Trip 804,amet sem fusce consequat nulla nisl nunc nisl duis bibendum felis sed interdum
199,Trip 805,dolor vel est donec odio justo sollicitudin ut
173,Trip 806,in eleifend quam a odio in hac habitasse platea dictumst maecenas
190,Trip 807,cras in purus eu magna vulputate luctus cum
180,Trip 808,sed tristique in tempus sit amet sem fusce consequat nulla
35,Trip 809,non sodales sed tincidunt eu felis fusce posuere felis sed lacus morbi sem mauris
151,Trip 810,fermentum donec ut mauris eget massa tempor convallis nulla neque libero
6,Trip 811,ipsum primis in faucibus orci luctus et
76,Trip 812,duis mattis egestas metus aenean fermentum donec ut mauris eget massa tempor
19,Trip 813,elementum pellentesque quisque porta volutpat erat quisque erat eros viverra
187,Trip 814,morbi vestibulum velit id pretium iaculis diam erat fermentum justo nec condimentum
171,Trip 815,proin leo odio porttitor id consequat in consequat ut nulla sed accumsan
138,Trip 816,eu nibh quisque id justo sit amet sapien dignissim vestibulum vestibulum
68,Trip 817,dui vel sem sed sagittis nam congue
67,Trip 818,luctus et ultrices posuere cubilia curae donec pharetra
48,Trip 819,curae duis faucibus accumsan odio curabitur convallis duis consequat
153,Trip 820,sem sed sagittis nam congue risus semper porta volutpat quam pede
24,Trip 821,primis in faucibus orci luctus et ultrices posuere cubilia curae
88,Trip 822,imperdiet et commodo vulputate justo in blandit ultrices enim lorem
195,Trip 823,nec nisi volutpat eleifend donec ut dolor morbi vel lectus
48,Trip 824,sollicitudin mi sit amet lobortis sapien sapien non mi
12,Trip 825,justo aliquam quis turpis eget elit sodales scelerisque mauris sit amet eros suspendisse accumsan
142,Trip 826,ullamcorper augue a suscipit nulla elit ac nulla sed vel enim sit
128,Trip 827,semper interdum mauris ullamcorper purus sit amet nulla quisque arcu libero rutrum
62,Trip 828,pellentesque ultrices mattis odio donec vitae nisi nam ultrices libero non mattis
42,Trip 829,semper est quam pharetra magna ac consequat metus sapien ut
18,Trip 830,sit amet justo morbi ut odio cras mi pede
102,Trip 831,et commodo vulputate justo in blandit ultrices enim lorem ipsum dolor
179,Trip 832,morbi odio odio elementum eu interdum eu tincidunt in leo maecenas pulvinar lobortis est phasellus
167,Trip 833,congue diam id ornare imperdiet sapien urna pretium nisl ut
59,Trip 834,suspendisse ornare consequat lectus in est risus auctor sed tristique in tempus sit amet sem
48,Trip 835,mi nulla ac enim in tempor turpis nec
133,Trip 836,nisl aenean lectus pellentesque eget nunc donec quis orci eget
65,Trip 837,tincidunt eget tempus vel pede morbi porttitor lorem id ligula suspendisse ornare consequat
105,Trip 838,in hac habitasse platea dictumst etiam faucibus cursus
155,Trip 839,etiam pretium iaculis justo in hac habitasse platea dictumst
8,Trip 840,in sapien iaculis congue vivamus metus arcu
64,Trip 841,libero quis orci nullam molestie nibh in lectus pellentesque at
19,Trip 842,neque vestibulum eget vulputate ut ultrices vel augue vestibulum
175,Trip 843,etiam vel augue vestibulum rutrum rutrum neque aenean auctor gravida sem praesent id massa id
59,Trip 844,convallis eget eleifend luctus ultricies eu nibh quisque id justo sit amet sapien dignissim
141,Trip 845,sapien in sapien iaculis congue vivamus metus arcu adipiscing molestie hendrerit at
83,Trip 846,eget massa tempor convallis nulla neque libero convallis eget eleifend luctus
167,Trip 847,posuere cubilia curae nulla dapibus dolor vel
52,Trip 848,eu orci mauris lacinia sapien quis libero nullam
101,Trip 849,amet consectetuer adipiscing elit proin interdum mauris non ligula pellentesque
144,Trip 850,duis aliquam convallis nunc proin at turpis a pede posuere
126,Trip 851,donec diam neque vestibulum eget vulputate ut ultrices vel augue vestibulum ante
196,Trip 852,et magnis dis parturient montes nascetur ridiculus mus vivamus vestibulum sagittis sapien cum sociis natoque
103,Trip 853,sed ante vivamus tortor duis mattis egestas metus aenean fermentum donec
108,Trip 854,ac leo pellentesque ultrices mattis odio donec vitae nisi nam
162,Trip 855,phasellus sit amet erat nulla tempus vivamus in felis eu sapien cursus vestibulum
13,Trip 856,tincidunt ante vel ipsum praesent blandit lacinia erat vestibulum sed
176,Trip 857,quam sollicitudin vitae consectetuer eget rutrum at lorem integer tincidunt
80,Trip 858,lacus at velit vivamus vel nulla eget eros elementum pellentesque quisque
108,Trip 859,purus sit amet nulla quisque arcu libero rutrum
103,Trip 860,cubilia curae duis faucibus accumsan odio curabitur convallis
16,Trip 861,sed justo pellentesque viverra pede ac diam cras pellentesque
99,Trip 862,ultrices libero non mattis pulvinar nulla pede ullamcorper augue a suscipit nulla elit
103,Trip 863,nunc nisl duis bibendum felis sed interdum venenatis turpis enim blandit
183,Trip 864,at velit eu est congue elementum in hac habitasse platea
55,Trip 865,ultrices aliquet maecenas leo odio condimentum id luctus
124,Trip 866,aliquam non mauris morbi non lectus aliquam sit amet diam
45,Trip 867,curae nulla dapibus dolor vel est donec odio justo sollicitudin
191,Trip 868,eu magna vulputate luctus cum sociis natoque penatibus et magnis dis parturient
107,Trip 869,eget semper rutrum nulla nunc purus phasellus in felis donec
108,Trip 870,diam vitae quam suspendisse potenti nullam porttitor lacus at turpis donec posuere metus
9,Trip 871,sapien arcu sed augue aliquam erat volutpat in congue etiam justo etiam pretium
93,Trip 872,purus eu magna vulputate luctus cum sociis natoque penatibus et magnis dis parturient montes
133,Trip 873,cras pellentesque volutpat dui maecenas tristique est
151,Trip 874,nisl aenean lectus pellentesque eget nunc donec quis orci eget orci vehicula condimentum
43,Trip 875,donec ut dolor morbi vel lectus in quam fringilla
106,Trip 876,iaculis diam erat fermentum justo nec condimentum neque sapien placerat ante nulla
192,Trip 877,in felis donec semper sapien a libero nam
24,Trip 878,pede libero quis orci nullam molestie nibh in lectus pellentesque
163,Trip 879,at nulla suspendisse potenti cras in purus eu magna vulputate luctus
154,Trip 880,orci eget orci vehicula condimentum curabitur in libero
168,Trip 881,volutpat quam pede lobortis ligula sit amet eleifend pede libero quis orci
83,Trip 882,purus sit amet nulla quisque arcu libero rutrum ac
193,Trip 883,integer ac neque duis bibendum morbi non quam nec
26,Trip 884,auctor gravida sem praesent id massa id nisl venenatis
62,Trip 885,lacus curabitur at ipsum ac tellus semper interdum mauris ullamcorper purus sit amet nulla quisque
50,Trip 886,posuere nonummy integer non velit donec diam neque vestibulum eget
48,Trip 887,porta volutpat erat quisque erat eros viverra
200,Trip 888,et ultrices posuere cubilia curae nulla dapibus dolor vel
121,Trip 889,et magnis dis parturient montes nascetur ridiculus mus
187,Trip 890,metus arcu adipiscing molestie hendrerit at vulputate vitae nisl aenean lectus pellentesque eget
125,Trip 891,hac habitasse platea dictumst morbi vestibulum velit id pretium iaculis diam erat fermentum
126,Trip 892,vehicula condimentum curabitur in libero ut massa volutpat convallis morbi odio odio elementum
3,Trip 893,proin risus praesent lectus vestibulum quam sapien varius ut
182,Trip 894,neque aenean auctor gravida sem praesent id massa id nisl venenatis lacinia
186,Trip 895,justo nec condimentum neque sapien placerat ante nulla justo aliquam quis
172,Trip 896,nisl nunc nisl duis bibendum felis sed interdum
58,Trip 897,velit donec diam neque vestibulum eget vulputate ut ultrices
14,Trip 898,massa quis augue luctus tincidunt nulla mollis
94,Trip 899,placerat ante nulla justo aliquam quis turpis eget elit sodales
130,Trip 900,duis bibendum morbi non quam nec dui luctus rutrum nulla tellus
26,Trip 901,eleifend pede libero quis orci nullam molestie nibh in lectus pellentesque at nulla suspendisse
165,Trip 902,feugiat et eros vestibulum ac est lacinia nisi venenatis tristique fusce congue diam id
157,Trip 903,libero convallis eget eleifend luctus ultricies eu nibh quisque id justo
123,Trip 904,tristique est et tempus semper est quam pharetra magna
63,Trip 905,pede posuere nonummy integer non velit donec diam neque vestibulum eget vulputate ut ultrices
117,Trip 906,luctus et ultrices posuere cubilia curae donec pharetra magna vestibulum aliquet ultrices
199,Trip 907,blandit non interdum in ante vestibulum ante
171,Trip 908,eget elit sodales scelerisque mauris sit amet eros
190,Trip 909,nulla nunc purus phasellus in felis donec semper sapien a
125,Trip 910,elit proin risus praesent lectus vestibulum quam sapien varius ut blandit non interdum in ante
174,Trip 911,interdum eu tincidunt in leo maecenas pulvinar lobortis
10,Trip 912,purus eu magna vulputate luctus cum sociis natoque penatibus et magnis dis parturient montes
110,Trip 913,donec semper sapien a libero nam dui proin leo odio porttitor id
52,Trip 914,dictumst morbi vestibulum velit id pretium iaculis diam
31,Trip 915,congue risus semper porta volutpat quam pede
33,Trip 916,non interdum in ante vestibulum ante ipsum
51,Trip 917,nisl duis ac nibh fusce lacus purus aliquet at feugiat
142,Trip 918,rutrum at lorem integer tincidunt ante vel ipsum praesent blandit lacinia erat vestibulum sed magna
176,Trip 919,cum sociis natoque penatibus et magnis dis parturient montes nascetur ridiculus
5,Trip 920,quam pharetra magna ac consequat metus sapien ut nunc vestibulum ante ipsum primis
71,Trip 921,ut erat curabitur gravida nisi at nibh in hac habitasse platea dictumst aliquam augue
26,Trip 922,dapibus nulla suscipit ligula in lacus curabitur at ipsum
121,Trip 923,hac habitasse platea dictumst etiam faucibus cursus urna
169,Trip 924,odio in hac habitasse platea dictumst maecenas ut massa quis augue luctus tincidunt nulla mollis
158,Trip 925,massa tempor convallis nulla neque libero convallis
123,Trip 926,porta volutpat erat quisque erat eros viverra
23,Trip 927,mauris morbi non lectus aliquam sit amet
3,Trip 928,tempus vel pede morbi porttitor lorem id ligula suspendisse ornare
11,Trip 929,sem duis aliquam convallis nunc proin at turpis a
40,Trip 930,tortor risus dapibus augue vel accumsan tellus nisi eu orci mauris lacinia sapien
115,Trip 931,sapien quis libero nullam sit amet turpis elementum ligula vehicula consequat morbi a ipsum integer
124,Trip 932,ut erat curabitur gravida nisi at nibh in hac habitasse platea dictumst aliquam augue quam
147,Trip 933,pharetra magna vestibulum aliquet ultrices erat tortor sollicitudin mi sit amet
34,Trip 934,aliquet massa id lobortis convallis tortor risus dapibus augue vel accumsan tellus nisi
116,Trip 935,semper est quam pharetra magna ac consequat metus sapien
19,Trip 936,platea dictumst morbi vestibulum velit id pretium iaculis diam erat
56,Trip 937,augue vestibulum rutrum rutrum neque aenean auctor gravida sem praesent id massa id nisl
33,Trip 938,in imperdiet et commodo vulputate justo in blandit ultrices enim lorem
185,Trip 939,commodo placerat praesent blandit nam nulla integer
34,Trip 940,vestibulum aliquet ultrices erat tortor sollicitudin mi sit amet lobortis
155,Trip 941,natoque penatibus et magnis dis parturient montes nascetur ridiculus mus etiam vel augue vestibulum
158,Trip 942,at turpis a pede posuere nonummy integer non velit donec diam neque
182,Trip 943,nec nisi volutpat eleifend donec ut dolor morbi
178,Trip 944,eget rutrum at lorem integer tincidunt ante vel ipsum praesent blandit lacinia erat vestibulum sed
194,Trip 945,dui vel sem sed sagittis nam congue risus semper porta
14,Trip 946,vestibulum quam sapien varius ut blandit non interdum in
64,Trip 947,lobortis vel dapibus at diam nam tristique tortor eu pede
158,Trip 948,natoque penatibus et magnis dis parturient montes nascetur ridiculus mus etiam vel augue
123,Trip 949,tortor quis turpis sed ante vivamus tortor duis mattis
153,Trip 950,ante vestibulum ante ipsum primis in faucibus
170,Trip 951,mattis egestas metus aenean fermentum donec ut mauris eget massa tempor
25,Trip 952,nam congue risus semper porta volutpat quam pede
140,Trip 953,nisi at nibh in hac habitasse platea dictumst aliquam
40,Trip 954,ultrices posuere cubilia curae duis faucibus accumsan odio curabitur convallis duis consequat dui
118,Trip 955,consequat metus sapien ut nunc vestibulum ante ipsum primis in faucibus orci luctus
199,Trip 956,ultrices enim lorem ipsum dolor sit amet consectetuer
132,Trip 957,bibendum felis sed interdum venenatis turpis enim blandit mi in porttitor pede justo
170,Trip 958,consectetuer adipiscing elit proin risus praesent lectus vestibulum quam sapien varius
127,Trip 959,quisque erat eros viverra eget congue eget semper
5,Trip 960,proin leo odio porttitor id consequat in consequat ut
65,Trip 961,odio elementum eu interdum eu tincidunt in leo maecenas pulvinar lobortis est phasellus sit amet
86,Trip 962,vitae nisi nam ultrices libero non mattis pulvinar nulla pede
191,Trip 963,nulla suspendisse potenti cras in purus eu
25,Trip 964,bibendum imperdiet nullam orci pede venenatis non sodales sed tincidunt eu felis fusce posuere felis
165,Trip 965,eu est congue elementum in hac habitasse platea dictumst morbi vestibulum velit id
58,Trip 966,varius integer ac leo pellentesque ultrices mattis
27,Trip 967,ultrices posuere cubilia curae nulla dapibus dolor vel est donec odio justo
130,Trip 968,proin leo odio porttitor id consequat in consequat ut nulla sed accumsan
135,Trip 969,quis justo maecenas rhoncus aliquam lacus morbi quis tortor id nulla ultrices aliquet maecenas leo
120,Trip 970,volutpat dui maecenas tristique est et tempus semper
46,Trip 971,semper interdum mauris ullamcorper purus sit amet nulla quisque arcu libero rutrum ac
56,Trip 972,pede ullamcorper augue a suscipit nulla elit ac nulla sed vel
4,Trip 973,turpis integer aliquet massa id lobortis convallis tortor risus
9,Trip 974,arcu adipiscing molestie hendrerit at vulputate vitae nisl aenean lectus pellentesque eget
41,Trip 975,tempus vivamus in felis eu sapien cursus
123,Trip 976,erat nulla tempus vivamus in felis eu sapien cursus vestibulum
94,Trip 977,at velit eu est congue elementum in hac habitasse platea dictumst morbi vestibulum
113,Trip 978,at turpis donec posuere metus vitae ipsum aliquam non mauris morbi non lectus aliquam
117,Trip 979,posuere metus vitae ipsum aliquam non mauris morbi non lectus aliquam
168,Trip 980,vitae nisi nam ultrices libero non mattis pulvinar nulla
127,Trip 981,quis justo maecenas rhoncus aliquam lacus morbi quis tortor id nulla
193,Trip 982,odio porttitor id consequat in consequat ut nulla sed accumsan felis ut at dolor
121,Trip 983,ac tellus semper interdum mauris ullamcorper purus sit amet nulla quisque arcu libero
157,Trip 984,lectus in est risus auctor sed tristique in tempus sit amet sem fusce consequat
169,Trip 985,tempus semper est quam pharetra magna ac consequat
64,Trip 986,tortor duis mattis egestas metus aenean fermentum donec ut mauris eget massa tempor
45,Trip 987,pede posuere nonummy integer non velit donec diam neque vestibulum eget vulputate ut ultrices
86,Trip 988,ut massa quis augue luctus tincidunt nulla mollis molestie
162,Trip 989,nascetur ridiculus mus etiam vel augue vestibulum rutrum rutrum neque
169,Trip 990,viverra pede ac diam cras pellentesque volutpat dui maecenas tristique est et
184,Trip 991,cursus urna ut tellus nulla ut erat id mauris vulputate elementum
174,Trip 992,quis tortor id nulla ultrices aliquet maecenas
109,Trip 993,aliquet ultrices erat tortor sollicitudin mi sit amet lobortis sapien sapien non mi
186,Trip 994,sapien a libero nam dui proin leo
127,Trip 995,a odio in hac habitasse platea dictumst maecenas ut massa quis augue luctus
118,Trip 996,egestas metus aenean fermentum donec ut mauris
104,Trip 997,turpis eget elit sodales scelerisque mauris sit amet eros suspendisse
79,Trip 998,aliquam convallis nunc proin at turpis a pede posuere nonummy integer non
115,Trip 999,curae mauris viverra diam vitae quam suspendisse potenti nullam porttitor
172,Trip 1000,eu interdum eu tincidunt in leo maecenas pulvinar lobortis
134,Trip 1001,curae mauris viverra diam vitae quam suspendisse potenti nullam porttitor lacus at turpis donec
